energy_keV,g4_10_per_primary,g4_11_per_primary,ratio,approx_ratio_error
1.0,0.00028000000000000003,0.00032,1.1428571428571428,0.2957423825752946
3.0,0.00029,0.00039000000000000005,1.3448275862068968,0.3297537651260807
5.0,0.00039000000000000005,0.00033000000000000005,0.8461538461538461,0.20013650325784332
7.0,0.00042,0.00044,1.0476190476190477,0.22599645575356603
9.0,0.00032,0.00039000000000000005,1.21875,0.29069429617404774
11.0,0.00046,0.00030000000000000003,0.6521739130434783,0.1530490633110493
13.0,0.00044,0.00039000000000000005,0.8863636363636365,0.1949361277812559
15.0,0.00045000000000000004,0.00041000000000000005,0.9111111111111111,0.1967081633001445
17.0,0.00046,0.00046,1.0,0.20851441405707477
19.0,0.00051,0.00045000000000000004,0.8823529411764706,0.18046235031702834
21.0,0.00029,0.00047000000000000004,1.620689655172414,0.38270023443021445
23.0,0.00055,0.00055,1.0,0.19069251784911848
25.0,0.00046,0.00047000000000000004,1.0217391304347827,0.21191107554084673
27.0,0.00041000000000000005,0.00033000000000000005,0.8048780487804879,0.1882335551194491
29.0,0.00047000000000000004,0.00037000000000000005,0.7872340425531915,0.1730189683555099
31.0,0.00048000000000000007,0.00045000000000000004,0.9375,0.19452968121857392
33.0,0.0005700000000000001,0.00043000000000000004,0.7543859649122807,0.1523778860509272
35.0,0.00048000000000000007,0.0005200000000000001,1.0833333333333333,0.21684020827772216
37.0,0.00036,0.00042,1.1666666666666667,0.26498311150470716
39.0,0.00037000000000000005,0.0006000000000000001,1.6216216216216215,0.338968160241683
41.0,0.00046,0.00042,0.9130434782608696,0.19486293239851266
43.0,0.00043000000000000004,0.00044,1.0232558139534884,0.2194235722610338
45.0,0.0004900000000000001,0.00044,0.8979591836734693,0.18649779115707843
47.0,0.0004900000000000001,0.00041000000000000005,0.836734693877551,0.17710020464708381
49.0,0.00042,0.0005,1.1904761904761905,0.2491752945106112
51.0,0.00051,0.00037000000000000005,0.7254901960784315,0.15667039340692746
53.0,0.00051,0.00046,0.9019607843137255,0.18340430216870948
55.0,0.00043000000000000004,0.00041000000000000005,0.9534883720930233,0.2081272222625755
57.0,0.00042,0.0005,1.1904761904761905,0.2491752945106112
59.0,0.00044,0.0005200000000000001,1.1818181818181819,0.2420796448905258
61.0,0.00045000000000000004,0.00047000000000000004,1.0444444444444445,0.21783320030474432
63.0,0.0005200000000000001,0.0005200000000000001,1.0,0.19611613513818402
65.0,0.00048000000000000007,0.00048000000000000007,1.0,0.2041241452319315
67.0,0.00055,0.00058,1.0545454545454545,0.1984765417898839
69.0,0.0005300000000000001,0.0004900000000000001,0.9245283018867925,0.18322482750097913
71.0,0.0005300000000000001,0.0005700000000000001,1.0754716981132075,0.20522013360511257
73.0,0.00055,0.00051,0.9272727272727272,0.18025776684900832
75.0,0.0004900000000000001,0.00043000000000000004,0.8775510204081632,0.18337242208182375
77.0,0.00068,0.0007000000000000001,1.0294117647058825,0.17527710606941801
79.0,0.00051,0.00045000000000000004,0.8823529411764706,0.18046235031702834
81.0,0.00054,0.00051,0.9444444444444445,0.18441196600357604
83.0,0.00058,0.00047000000000000004,0.810344827586207,0.15903824996337368
85.0,0.00062,0.00072,1.1612903225806452,0.2012014532069347
87.0,0.0005,0.0007000000000000001,1.4000000000000001,0.25922962793631443
89.0,0.0005700000000000001,0.00062,1.0877192982456139,0.19959839371174257
91.0,0.00079,0.00071,0.8987341772151899,0.14697185205879762
93.0,0.0006100000000000001,0.00072,1.180327868852459,0.20539852294240593
95.0,0.0006900000000000001,0.0006900000000000001,1.0,0.17025130615174972
97.0,0.00084,0.0006600000000000001,0.7857142857142858,0.12924051150995464
99.0,0.0005600000000000001,0.0006100000000000001,1.0892857142857144,0.20159316711921194
101.0,0.0006500000000000001,0.0008200000000000001,1.2615384615384615,0.20950556267552675
103.0,0.0007800000000000001,0.00071,0.9102564102564101,0.1493070808541782
105.0,0.00079,0.0006100000000000001,0.7721518987341773,0.13160982098771115
107.0,0.00062,0.00076,1.2258064516129032,0.20977745152471744
109.0,0.00075,0.0006600000000000001,0.8800000000000001,0.14852160336687276
111.0,0.0006900000000000001,0.0007800000000000001,1.1304347826086956,0.18682385644843302
113.0,0.0008100000000000001,0.00064,0.7901234567901234,0.13214369908139692
115.0,0.00075,0.00076,1.0133333333333334,0.1649314111088921
117.0,0.00068,0.0007400000000000001,1.0882352941176472,0.18280861695648723
119.0,0.00076,0.0009000000000000001,1.1842105263157896,0.1844823874403629
121.0,0.0008200000000000001,0.0007800000000000001,0.9512195121951219,0.1504480330252572
123.0,0.0008900000000000001,0.0007700000000000001,0.8651685393258427,0.13465249242573007
125.0,0.00076,0.0006500000000000001,0.855263157894737,0.14449267997971815
127.0,0.00071,0.00072,1.0140845070422535,0.1696081604494953
129.0,0.00107,0.0008700000000000001,0.8130841121495328,0.1173774917356978
131.0,0.00072,0.0008200000000000001,1.1388888888888888,0.18393676412332344
133.0,0.0008100000000000001,0.0009100000000000001,1.123456790123457,0.17161584826374116
135.0,0.001,0.00102,1.02,0.14354093492798492
137.0,0.0009800000000000002,0.0008700000000000001,0.8877551020408163,0.13076947403422137
139.0,0.00088,0.0008500000000000001,0.9659090909090909,0.14689550486693834
141.0,0.0008600000000000001,0.0007300000000000001,0.8488372093023255,0.13508661378255882
143.0,0.0008700000000000001,0.00097,1.114942528735632,0.16463262379449645
145.0,0.0008200000000000001,0.0008600000000000001,1.048780487804878,0.16187623243358382
147.0,0.0009800000000000002,0.0008,0.8163265306122448,0.12300305020250137
149.0,0.00084,0.00118,1.4047619047619049,0.20053849867390383
151.0,0.00079,0.0009800000000000002,1.2405063291139242,0.1875681237150793
153.0,0.0009000000000000001,0.0010400000000000001,1.1555555555555557,0.16636186119857535
155.0,0.0009000000000000001,0.0009400000000000001,1.0444444444444445,0.1540313331030522
157.0,0.00093,0.0009000000000000001,0.967741935483871,0.14309431393082217
159.0,0.0008600000000000001,0.0008100000000000001,0.9418604651162791,0.14583207932035808
161.0,0.0008700000000000001,0.00076,0.8735632183908045,0.1371581818125195
163.0,0.0007300000000000001,0.0009800000000000002,1.3424657534246576,0.20755194274913683
165.0,0.0008900000000000001,0.00093,1.044943820224719,0.15495020612472918
167.0,0.0008200000000000001,0.00102,1.2439024390243902,0.18449653697705828
169.0,0.0008200000000000001,0.0007700000000000001,0.9390243902439024,0.14901265274960243
171.0,0.00071,0.0009600000000000001,1.3521126760563382,0.21164417936545205
173.0,0.0009500000000000001,0.00093,0.9789473684210526,0.14280223050593088
175.0,0.0009100000000000001,0.0008900000000000001,0.978021978021978,0.1458039089421583
177.0,0.00102,0.0007700000000000001,0.7549019607843137,0.11396503295775381
179.0,0.00072,0.0009600000000000001,1.3333333333333335,0.20786985482077452
181.0,0.00084,0.0008600000000000001,1.023809523809524,0.157056081311157
183.0,0.00092,0.0006900000000000001,0.7500000000000001,0.11944163573823866
185.0,0.00118,0.00093,0.788135593220339,0.10928478217293439
187.0,0.0008900000000000001,0.0008500000000000001,0.9550561797752809,0.14484352216619234
189.0,0.0008700000000000001,0.0008900000000000001,1.0229885057471264,0.1542312783637696
191.0,0.0009000000000000001,0.00097,1.0777777777777777,0.15774038854499653
193.0,0.00084,0.00071,0.8452380952380952,0.1362624189569444
195.0,0.0008300000000000001,0.00092,1.1084337349397588,0.16780148482521046
197.0,0.0008600000000000001,0.0007300000000000001,0.8488372093023255,0.13508661378255882
199.0,0.00068,0.0007800000000000001,1.147058823529412,0.19030945264791338
201.0,0.0008600000000000001,0.0011,1.2790697674418605,0.18410971316498603
203.0,0.0009600000000000001,0.001,1.0416666666666665,0.14884052256495006
205.0,0.00092,0.0009500000000000001,1.032608695652174,0.15104309110132094
207.0,0.00099,0.0008,0.8080808080808082,0.1214838976098404
209.0,0.00088,0.0008500000000000001,0.9659090909090909,0.14689550486693834
211.0,0.00097,0.00117,1.2061855670103092,0.16563122586078788
213.0,0.00101,0.00099,0.9801980198019802,0.1386278649080601
215.0,0.0009800000000000002,0.0009100000000000001,0.9285714285714285,0.1351800132601201
217.0,0.00109,0.00126,1.1559633027522935,0.15120963211584149
219.0,0.0009600000000000001,0.00101,1.0520833333333333,0.14996397739718165
221.0,0.00103,0.0011500000000000002,1.1165048543689322,0.15146815308831
223.0,0.00099,0.0012000000000000001,1.2121212121212122,0.16457349360675744
225.0,0.00093,0.0011200000000000001,1.2043010752688172,0.1689512926935512
227.0,0.0011300000000000001,0.00103,0.911504424778761,0.12417318555289691
229.0,0.00109,0.0011300000000000001,1.036697247706422,0.13917972115510172
231.0,0.00102,0.0008500000000000001,0.8333333333333334,0.122385511837085
233.0,0.0009000000000000001,0.00092,1.0222222222222221,0.15155345568944606
235.0,0.00093,0.00093,1.0,0.1466471150213533
237.0,0.0008300000000000001,0.00102,1.2289156626506024,0.1816639744726169
239.0,0.0009000000000000001,0.0008600000000000001,0.9555555555555556,0.1440926390019298
241.0,0.0009500000000000001,0.0009100000000000001,0.9578947368421052,0.14050499386936624
243.0,0.0009000000000000001,0.0009000000000000001,1.0,0.14907119849998599
245.0,0.0009000000000000001,0.00093,1.0333333333333332,0.152792928541689
247.0,0.0007300000000000001,0.0008,1.095890410958904,0.17738072217654025
249.0,0.00084,0.0008300000000000001,0.9880952380952382,0.15292495193494826
251.0,0.00092,0.0007300000000000001,0.7934782608695653,0.12437172592772368
253.0,0.00071,0.00088,1.2394366197183098,0.1977208073577794
255.0,0.00108,0.0008600000000000001,0.7962962962962964,0.11508386989139927
257.0,0.00088,0.00068,0.7727272727272727,0.12476499321195657
259.0,0.0007000000000000001,0.00093,1.3285714285714285,0.210226866211167
261.0,0.00084,0.00079,0.9404761904761905,0.1473969234401741
263.0,0.0007300000000000001,0.0008200000000000001,1.1232876712328768,0.18075423652461933
265.0,0.0008700000000000001,0.0007400000000000001,0.8505747126436781,0.13450855864888103
267.0,0.0007800000000000001,0.00088,1.1282051282051282,0.17545004181603868
269.0,0.0008200000000000001,0.00055,0.6707317073170731,0.11690170618408696
271.0,0.0008200000000000001,0.0008300000000000001,1.0121951219512195,0.15760146119683924
273.0,0.0008600000000000001,0.0006900000000000001,0.8023255813953488,0.12967095746079468
275.0,0.00072,0.0006900000000000001,0.9583333333333334,0.16144899913281488
277.0,0.0008,0.0006900000000000001,0.8625,0.1417041923338897
279.0,0.0007000000000000001,0.00072,1.0285714285714285,0.1726487190074896
281.0,0.0006000000000000001,0.0006500000000000001,1.0833333333333333,0.19394777838567975
283.0,0.0006600000000000001,0.0005300000000000001,0.803030303030303,0.14811379586140308
285.0,0.00088,0.0006500000000000001,0.7386363636363636,0.12080318522489729
287.0,0.00071,0.00063,0.8873239436619719,0.15358017242267163
289.0,0.00072,0.00079,1.097222222222222,0.17877355428184116
291.0,0.00072,0.00058,0.8055555555555555,0.14213038363896993
293.0,0.0007000000000000001,0.00072,1.0285714285714285,0.1726487190074896
295.0,0.00059,0.00071,1.2033898305084745,0.21199364056178385
297.0,0.0007000000000000001,0.00064,0.9142857142857143,0.15812310220804243
299.0,0.00071,0.0008300000000000001,1.1690140845070425,0.18897827635355788
301.0,0.00072,0.00059,0.8194444444444444,0.1439007008117108
303.0,0.00071,0.00058,0.8169014084507042,0.14458436396767077
305.0,0.00067,0.0006500000000000001,0.9701492537313434,0.16890069626177928
307.0,0.0006600000000000001,0.00064,0.9696969696969696,0.17011623400417866
309.0,0.0007000000000000001,0.00063,0.8999999999999999,0.15629642167551827
311.0,0.0006600000000000001,0.0007000000000000001,1.0606060606060606,0.1819711630668012
313.0,0.0005200000000000001,0.0006900000000000001,1.3269230769230769,0.24367569593282737
315.0,0.0004900000000000001,0.00062,1.2653061224489794,0.24185953529978
317.0,0.00059,0.0007300000000000001,1.2372881355932204,0.21660594800951596
319.0,0.00062,0.0006500000000000001,1.0483870967741937,0.18611055513638786
321.0,0.00047000000000000004,0.00062,1.3191489361702127,0.25513045690763425
323.0,0.00036,0.0005700000000000001,1.5833333333333335,0.33707391943087767
325.0,0.0005700000000000001,0.00058,1.0175438596491226,0.1897800835296991
327.0,0.0004900000000000001,0.0005600000000000001,1.1428571428571428,0.223560227553129
329.0,0.00043000000000000004,0.00051,1.1860465116279069,0.24555361463401162
331.0,0.00042,0.0005,1.1904761904761905,0.2491752945106112
333.0,0.0007400000000000001,0.00064,0.8648648648648648,0.14763249199894554
335.0,0.0006000000000000001,0.0006600000000000001,1.1,0.19621416870348585
337.0,0.0005700000000000001,0.00055,0.9649122807017543,0.18238036165781488
339.0,0.0004900000000000001,0.00059,1.204081632653061,0.23272538826210032
341.0,0.00059,0.0005300000000000001,0.8983050847457629,0.17000783182487256
343.0,0.00063,0.0006000000000000001,0.9523809523809524,0.17179770453402096
345.0,0.0004900000000000001,0.00054,1.1020408163265305,0.2174309544254703
347.0,0.00054,0.00041000000000000005,0.7592592592592593,0.15727623034072408
349.0,0.00036,0.0004900000000000001,1.3611111111111114,0.29878153333819546
351.0,0.00063,0.00064,1.0158730158730158,0.1802938958836048
353.0,0.00045000000000000004,0.00059,1.3111111111111111,0.25949195906146744
355.0,0.00059,0.0005600000000000001,0.9491525423728814,0.1770781255842659
357.0,0.00046,0.00038,0.8260869565217391,0.1810900938553664
359.0,0.0005600000000000001,0.0005300000000000001,0.9464285714285715,0.18137154113295892
361.0,0.00044,0.00045000000000000004,1.0227272727272727,0.21683143574022898
363.0,0.00048000000000000007,0.00062,1.2916666666666665,0.2483306534158156
365.0,0.00051,0.00043000000000000004,0.8431372549019608,0.1745592593073001
367.0,0.0005300000000000001,0.00043000000000000004,0.8113207547169811,0.16651602686485986
369.0,0.00047000000000000004,0.0005200000000000001,1.1063829787234043,0.2226755236113309
371.0,0.00036,0.00059,1.6388888888888888,0.3466043885971258
373.0,0.0005200000000000001,0.00054,1.0384615384615383,0.20176451931957345
375.0,0.0004900000000000001,0.00047000000000000004,0.9591836734693877,0.195835051005792
377.0,0.00043000000000000004,0.0005,1.1627906976744184,0.24183758264263244
379.0,0.00038,0.0004,1.0526315789473684,0.23845251209592624
381.0,0.00058,0.0005300000000000001,0.913793103448276,0.17364306132854873
383.0,0.00058,0.00031,0.5344827586206896,0.1189142387201999
385.0,0.00044,0.00038,0.8636363636363636,0.19125804393252477
387.0,0.00059,0.00054,0.9152542372881356,0.17236857219549115
389.0,0.0005,0.00047000000000000004,0.9400000000000001,0.1909764383372986
391.0,0.00059,0.00048000000000000007,0.8135593220338984,0.15813736211486104
393.0,0.00039000000000000005,0.00054,1.3846153846153844,0.2909654639797455
395.0,0.00054,0.00047000000000000004,0.8703703703703705,0.17362768553713426
397.0,0.0005200000000000001,0.00043000000000000004,0.8269230769230769,0.17044764885842661
399.0,0.00048000000000000007,0.00046,0.9583333333333333,0.19773383367922012
401.0,0.00042,0.00044,1.0476190476190477,0.22599645575356603
403.0,0.00047000000000000004,0.0004900000000000001,1.0425531914893618,0.2128564768967436
405.0,0.00045000000000000004,0.00048000000000000007,1.0666666666666667,0.22133154840868857
407.0,0.00044,0.0004900000000000001,1.1136363636363638,0.23129194037610815
409.0,0.00042,0.00045000000000000004,1.0714285714285714,0.22987510869528185
411.0,0.00048000000000000007,0.00036,0.7499999999999999,0.16535945694153692
413.0,0.00035000000000000005,0.0004,1.1428571428571428,0.26452002850644324
415.0,0.00051,0.0004,0.7843137254901961,0.165651520916682
417.0,0.0004,0.00047000000000000004,1.175,0.252765949051687
419.0,0.00044,0.00042,0.9545454545454546,0.20591825823826984
421.0,0.00039000000000000005,0.00030000000000000003,0.7692307692307692,0.1868048992907546
423.0,0.00051,0.00054,1.0588235294117647,0.20674559510435508
425.0,0.00044,0.00047000000000000004,1.0681818181818183,0.22407355807636195
427.0,0.00042,0.00041000000000000005,0.9761904761904763,0.21431720605078777
429.0,0.0004,0.00046,1.15,0.2486211978090364
431.0,0.00037000000000000005,0.00041000000000000005,1.1081081081081081,0.25126768795412563
433.0,0.00054,0.00033000000000000005,0.6111111111111112,0.13502865959399607
435.0,0.00035000000000000005,0.00043000000000000004,1.2285714285714284,0.2796916252729305
437.0,0.00031,0.00039000000000000005,1.2580645161290325,0.3027183745433928
439.0,0.00051,0.00044,0.8627450980392156,0.17751410892448288
441.0,0.00036,0.00037000000000000005,1.027777777777778,0.24060715667011637
443.0,0.0005700000000000001,0.00046,0.8070175438596491,0.15995036839632853
445.0,0.00041000000000000005,0.0005,1.2195121951219512,0.25693893120754563
447.0,0.00034,0.00034,1.0,0.24253562503633297
449.0,0.00043000000000000004,0.00032,0.7441860465116279,0.17374124828782056
451.0,0.00030000000000000003,0.00045000000000000004,1.5,0.35355339059327373
453.0,0.00036,0.00054,1.5,0.32274861218395146
455.0,0.00032,0.0005200000000000001,1.625,0.3651037951733726
457.0,0.00034,0.00029,0.8529411764705882,0.2156010631719407
459.0,0.00048000000000000007,0.00036,0.7499999999999999,0.16535945694153692
461.0,0.00041000000000000005,0.00039000000000000005,0.9512195121951219,0.212765648736674
463.0,0.00038,0.00033000000000000005,0.868421052631579,0.20663826626851028
465.0,0.00039000000000000005,0.0004,1.0256410256410255,0.23080575355663505
467.0,0.00041000000000000005,0.00030000000000000003,0.7317073170731707,0.17579803509901037
469.0,0.00037000000000000005,0.00031,0.8378378378378377,0.20400119768796673
471.0,0.0004,0.00039000000000000005,0.9750000000000001,0.21940971947477625
473.0,0.0004,0.00034,0.85,0.19827380058898356
475.0,0.00041000000000000005,0.00028000000000000003,0.6829268292682927,0.16742787915141227
477.0,0.00035000000000000005,0.00033000000000000005,0.9428571428571428,0.22877541917746555
479.0,0.00036,0.00030000000000000003,0.8333333333333334,0.2060055135304351
481.0,0.00036,0.00038,1.0555555555555556,0.24550136265857134
483.0,0.00034,0.00032,0.9411764705882353,0.23180808615147716
485.0,0.00038,0.00037000000000000005,0.9736842105263158,0.2248827268854504
487.0,0.00035000000000000005,0.00043000000000000004,1.2285714285714284,0.2796916252729305
489.0,0.00025,0.00036,1.4400000000000002,0.37489198444351945
491.0,0.00032,0.00044,1.375,0.3194538796915761
493.0,0.00044,0.00039000000000000005,0.8863636363636365,0.1949361277812559
495.0,0.00035000000000000005,0.00034,0.9714285714285713,0.2339170818178543
497.0,0.00029,0.00038,1.3103448275862069,0.3230964623104404
499.0,0.00031,0.00032,1.0322580645161292,0.2601373567866763
501.0,0.00025,0.00039000000000000005,1.56,0.39967987189749754
503.0,0.00026000000000000003,0.00029,1.1153846153846152,0.30124532908101165
505.0,0.00039000000000000005,0.00035000000000000005,0.8974358974358975,0.20895509807455148
507.0,0.00033000000000000005,0.00029,0.8787878787878787,0.2236783414754848
509.0,0.00041000000000000005,0.00037000000000000005,0.9024390243902439,0.20463144842902917
511.0,0.0006900000000000001,0.0007000000000000001,1.0144927536231885,0.1721007583532268
513.0,0.00022,0.00034,1.5454545454545454,0.4228627704286292
515.0,0.00031,0.00041000000000000005,1.3225806451612905,0.3147861643943109
517.0,0.00030000000000000003,0.00042,1.4,0.3346640106136302
519.0,0.00033000000000000005,0.00029,0.8787878787878787,0.2236783414754848
521.0,0.00046,0.00046,1.0,0.20851441405707477
523.0,0.00030000000000000003,0.00027,0.8999999999999999,0.23874672772626643
525.0,0.00039000000000000005,0.00025,0.641025641025641,0.16423400390265344
527.0,0.00039000000000000005,0.00034,0.8717948717948718,0.20455211675459975
529.0,0.00034,0.00029,0.8529411764705882,0.2156010631719407
531.0,0.0004,0.00043000000000000004,1.075,0.23614746452164165
533.0,0.00039000000000000005,0.00032,0.8205128205128205,0.19570740255241612
535.0,0.00047000000000000004,0.00029,0.6170212765957447,0.14569981763504314
537.0,0.00030000000000000003,0.00041000000000000005,1.3666666666666667,0.3283516633349294
539.0,0.00041000000000000005,0.00038,0.9268292682926829,0.20870341664298278
541.0,0.00022,0.0002,0.9090909090909091,0.2808701730242385
543.0,0.0004,0.00043000000000000004,1.075,0.23614746452164165
545.0,0.00032,0.00026000000000000003,0.8125,0.21452390965228096
547.0,0.00023,0.00033000000000000005,1.4347826086956523,0.3897258647970254
549.0,0.0004,0.00034,0.85,0.19827380058898356
551.0,0.00025,0.00041000000000000005,1.6400000000000001,0.4161538177164786
553.0,0.00041000000000000005,0.00035000000000000005,0.8536585365853658,0.19645588058480726
555.0,0.00036,0.00037000000000000005,1.027777777777778,0.24060715667011637
557.0,0.00028000000000000003,0.00031,1.107142857142857,0.28864883281947745
559.0,0.00034,0.00026000000000000003,0.7647058823529412,0.19922504042193473
561.0,0.00042,0.00026000000000000003,0.6190476190476191,0.1544781980068127
563.0,0.00036,0.00048000000000000007,1.3333333333333335,0.2939723678960656
565.0,0.00039000000000000005,0.00038,0.9743589743589743,0.22209575119597347
567.0,0.00039000000000000005,0.00035000000000000005,0.8974358974358975,0.20895509807455148
569.0,0.00034,0.00034,1.0,0.24253562503633297
571.0,0.00035000000000000005,0.00025,0.7142857142857142,0.1870439059165649
573.0,0.00017,0.00028000000000000003,1.647058823529412,0.5064212145737218
575.0,0.00039000000000000005,0.00033000000000000005,0.8461538461538461,0.20013650325784332
577.0,0.00028000000000000003,0.00035000000000000005,1.25,0.31693284552319373
579.0,0.00028000000000000003,0.00033000000000000005,1.1785714285714286,0.30282019894039003
581.0,0.00031,0.00027,0.8709677419354839,0.22927322406216702
583.0,0.00035000000000000005,0.00039000000000000005,1.1142857142857143,0.2594454727929737
585.0,0.00032,0.00027,0.8437499999999999,0.22048696549484506
587.0,0.00030000000000000003,0.00035000000000000005,1.1666666666666667,0.2902744550580696
589.0,0.00029,0.00044,1.517241379310345,0.362903178044156
591.0,0.00038,0.00027,0.7105263157894737,0.17883938407194466
593.0,0.00029,0.00036,1.2413793103448276,0.30974972669810813
595.0,0.00036,0.00044,1.222222222222222,0.2746740180405801
597.0,0.00033000000000000005,0.00026000000000000003,0.7878787878787878,0.20660544833293384
599.0,0.00034,0.00032,0.9411764705882353,0.23180808615147716
601.0,0.0004,0.00042,1.05,0.2319752141932409
603.0,0.00036,0.00025,0.6944444444444444,0.18079281657191332
605.0,0.00029,0.00036,1.2413793103448276,0.30974972669810813
607.0,0.00031,0.00028000000000000003,0.903225806451613,0.2354845836945581
609.0,0.00031,0.00028000000000000003,0.903225806451613,0.2354845836945581
611.0,0.00042,0.00043000000000000004,1.023809523809524,0.22211084024340982
613.0,0.00033000000000000005,0.00026000000000000003,0.7878787878787878,0.20660544833293384
615.0,0.00029,0.00035000000000000005,1.2068965517241381,0.30305887889795946
617.0,0.00023,0.00028000000000000003,1.2173913043478262,0.34258816017064847
619.0,0.00036,0.00033000000000000005,0.9166666666666667,0.2209163016748176
621.0,0.00025,0.00046,1.84,0.4571914259913456
623.0,0.00031,0.00034,1.0967741935483872,0.2723664410893543
625.0,0.00035000000000000005,0.00042,1.2,0.274642624930238
627.0,0.00038,0.00038,1.0,0.22941573387056177
629.0,0.00035000000000000005,0.00036,1.0285714285714285,0.24416215994673338
631.0,0.00027,0.00036,1.3333333333333335,0.3394500514782104
633.0,0.00028000000000000003,0.00030000000000000003,1.0714285714285714,0.2815383604351305
635.0,0.00029,0.00034,1.1724137931034484,0.2963553258344393
637.0,0.00039000000000000005,0.00037000000000000005,0.9487179487179487,0.21772622746606257
639.0,0.00042,0.00039000000000000005,0.9285714285714286,0.2064908810698782
641.0,0.00030000000000000003,0.00027,0.8999999999999999,0.23874672772626643
643.0,0.00029,0.00032,1.103448275862069,0.2829064895688571
645.0,0.00031,0.00039000000000000005,1.2580645161290325,0.3027183745433928
647.0,0.00038,0.00031,0.8157894736842105,0.1974376609849677
649.0,0.00038,0.00030000000000000003,0.7894736842105263,0.1928144992276438
651.0,0.00028000000000000003,0.00021,0.75,0.21650635094610962
653.0,0.00032,0.00031,0.9687499999999999,0.24413281237499598
655.0,0.00028000000000000003,0.00035000000000000005,1.25,0.31693284552319373
657.0,0.00025,0.00031,1.24,0.33332266649599457
659.0,0.00034,0.00031,0.9117647058823529,0.22642227498864143
661.0,0.00026000000000000003,0.00033000000000000005,1.2692307692307694,0.33283037460734466
663.0,0.00042,0.00034,0.8095238095238095,0.18675503484701114
665.0,0.00031,0.00036,1.1612903225806452,0.28454182389442273
667.0,0.00021,0.00025,1.1904761904761905,0.35238708090521664
669.0,0.00043000000000000004,0.0004,0.9302325581395349,0.20434610234430858
671.0,0.0004,0.00036,0.9,0.20676073128135336
673.0,0.00027,0.00037000000000000005,1.3703703703703705,0.3468527984478269
675.0,0.00042,0.00037000000000000005,0.880952380952381,0.1986280010986109
677.0,0.00028000000000000003,0.00025,0.8928571428571428,0.24568061587064058
679.0,0.00036,0.00030000000000000003,0.8333333333333334,0.2060055135304351
681.0,0.00036,0.00034,0.9444444444444444,0.2258576095861198
683.0,0.00026000000000000003,0.00031,1.192307692307692,0.3170722633870336
685.0,0.00033000000000000005,0.00033000000000000005,1.0,0.24618298195866545
687.0,0.00036,0.00033000000000000005,0.9166666666666667,0.2209163016748176
689.0,0.00028000000000000003,0.00025,0.8928571428571428,0.24568061587064058
691.0,0.00035000000000000005,0.00021,0.6,0.165615734242165
693.0,0.00024000000000000003,0.00030000000000000003,1.25,0.3423265984407288
695.0,0.00042,0.00033000000000000005,0.7857142857142858,0.18277368418541393
697.0,0.0004,0.00034,0.85,0.19827380058898356
699.0,0.0004900000000000001,0.00028000000000000003,0.5714285714285714,0.13537244042266935
701.0,0.00018,0.00043000000000000004,2.388888888888889,0.6706414430456229
703.0,0.00031,0.00032,1.0322580645161292,0.2601373567866763
705.0,0.00030000000000000003,0.0004,1.3333333333333333,0.32203059435976533
707.0,0.00030000000000000003,0.00028000000000000003,0.9333333333333333,0.245251193979047
709.0,0.00028000000000000003,0.00033000000000000005,1.1785714285714286,0.30282019894039003
711.0,0.00027,0.00038,1.4074074074074074,0.3542442669408617
713.0,0.00036,0.00039000000000000005,1.0833333333333335,0.25038550524055486
715.0,0.00029,0.00041000000000000005,1.413793103448276,0.34303935849414613
717.0,0.0004,0.00029,0.725,0.17682088394756995
719.0,0.00030000000000000003,0.00031,1.0333333333333332,0.2646451152714462
721.0,0.00036,0.00033000000000000005,0.9166666666666667,0.2209163016748176
723.0,0.00037000000000000005,0.00032,0.8648648648648648,0.20878387243184623
725.0,0.00029,0.00034,1.1724137931034484,0.2963553258344393
727.0,0.00032,0.00025,0.78125,0.20853668460998653
729.0,0.00030000000000000003,0.00030000000000000003,1.0,0.2581988897471611
731.0,0.00031,0.00033000000000000005,1.0645161290322582,0.26625907332727544
733.0,0.00034,0.00033000000000000005,0.9705882352941178,0.2371788700653052
735.0,0.00046,0.00031,0.6739130434782609,0.15659917219285296
737.0,0.00033000000000000005,0.00033000000000000005,1.0,0.24618298195866545
739.0,0.00039000000000000005,0.0004,1.0256410256410255,0.23080575355663505
741.0,0.00032,0.00030000000000000003,0.9375,0.23824922940588916
743.0,0.00038,0.0005,1.3157894736842104,0.283172414131037
745.0,0.00039000000000000005,0.00033000000000000005,0.8461538461538461,0.20013650325784332
747.0,0.00030000000000000003,0.0004,1.3333333333333333,0.32203059435976533
749.0,0.00029,0.00025,0.8620689655172414,0.23527180662793556
751.0,0.00025,0.00033000000000000005,1.3200000000000003,0.3499942856676378
753.0,0.00043000000000000004,0.00036,0.8372093023255813,0.1891307360203068
755.0,0.00030000000000000003,0.00029,0.9666666666666666,0.25173472221839077
757.0,0.00033000000000000005,0.00033000000000000005,1.0,0.24618298195866545
759.0,0.00033000000000000005,0.00033000000000000005,1.0,0.24618298195866545
761.0,0.00033000000000000005,0.00032,0.9696969696969696,0.24058068530854457
763.0,0.00032,0.00033000000000000005,1.03125,0.25585192021582526
765.0,0.00043000000000000004,0.00025,0.5813953488372092,0.14622504959000296
767.0,0.00038,0.00037000000000000005,0.9736842105263158,0.2248827268854504
769.0,0.00029,0.00032,1.103448275862069,0.2829064895688571
771.0,0.00028000000000000003,0.00029,1.0357142857142856,0.27440964993359174
773.0,0.00042,0.00029,0.6904761904761905,0.1667071541363922
775.0,0.00033000000000000005,0.00034,1.0303030303030303,0.25177114214462143
777.0,0.00038,0.00036,0.9473684210526316,0.2203391731340086
779.0,0.00037000000000000005,0.00030000000000000003,0.8108108108108107,0.19920280184576364
781.0,0.00029,0.00031,1.0689655172413792,0.2761591741339809
783.0,0.00034,0.00032,0.9411764705882353,0.23180808615147716
785.0,0.00039000000000000005,0.00028000000000000003,0.717948717948718,0.1778359283846602
787.0,0.00046,0.00025,0.5434782608695652,0.135040000588181
789.0,0.00047000000000000004,0.00047000000000000004,1.0,0.20628424925175867
791.0,0.00038,0.00037000000000000005,0.9736842105263158,0.2248827268854504
793.0,0.00027,0.0004,1.4814814814814816,0.36899607854254973
795.0,0.00046,0.00029,0.6304347826086957,0.14948337102017686
797.0,0.00024000000000000003,0.00036,1.4999999999999998,0.39528470752104744
799.0,0.00029,0.00032,1.103448275862069,0.2829064895688571
801.0,0.0004900000000000001,0.0004,0.8163265306122448,0.1739525818096361
803.0,0.00030000000000000003,0.00034,1.1333333333333333,0.2838883452919344
805.0,0.00039000000000000005,0.00034,0.8717948717948718,0.20455211675459975
807.0,0.00033000000000000005,0.00027,0.818181818181818,0.21231789386223351
809.0,0.0004,0.00042,1.05,0.2319752141932409
811.0,0.00025,0.00036,1.4400000000000002,0.37489198444351945
813.0,0.00051,0.00038,0.7450980392156863,0.15967301927221403
815.0,0.00036,0.00036,1.0,0.23570226039551587
817.0,0.00039000000000000005,0.0004,1.0256410256410255,0.23080575355663505
819.0,0.0005,0.00033000000000000005,0.6600000000000001,0.14802702455970668
821.0,0.00036,0.00028000000000000003,0.7777777777777778,0.19598157859737708
823.0,0.0004,0.0004,1.0,0.22360679774997896
825.0,0.0004,0.00036,0.9,0.20676073128135336
827.0,0.00041000000000000005,0.00055,1.3414634146341462,0.2767841241850393
829.0,0.0004900000000000001,0.00033000000000000005,0.673469387755102,0.15165955456139885
831.0,0.00036,0.00039000000000000005,1.0833333333333335,0.25038550524055486
833.0,0.00037000000000000005,0.00038,1.027027027027027,0.23720281783972996
835.0,0.00030000000000000003,0.00044,1.4666666666666666,0.34726444187764544
837.0,0.00035000000000000005,0.00038,1.0857142857142856,0.2543613737476869
839.0,0.00030000000000000003,0.0004,1.3333333333333333,0.32203059435976533
841.0,0.00043000000000000004,0.00033000000000000005,0.7674418604651163,0.1776074106496054
843.0,0.00035000000000000005,0.00046,1.314285714285714,0.2947944878851427
845.0,0.00046,0.00039000000000000005,0.8478260869565218,0.1845461625224178
847.0,0.00035000000000000005,0.00044,1.257142857142857,0.28473300879486396
849.0,0.00027,0.00037000000000000005,1.3703703703703705,0.3468527984478269
851.0,0.00046,0.00035000000000000005,0.7608695652173914,0.17066316051951788
853.0,0.00045000000000000004,0.00043000000000000004,0.9555555555555556,0.20377776431465952
855.0,0.00035000000000000005,0.00051,1.457142857142857,0.3198396099505101
857.0,0.0005200000000000001,0.00046,0.8846153846153846,0.17905520008954742
859.0,0.00038,0.00036,0.9473684210526316,0.2203391731340086
861.0,0.00045000000000000004,0.0005200000000000001,1.1555555555555557,0.2352712003686556
863.0,0.00042,0.00048000000000000007,1.142857142857143,0.24147264420814762
865.0,0.00047000000000000004,0.00042,0.8936170212765957,0.18974610146483437
867.0,0.00046,0.00038,0.8260869565217391,0.1810900938553664
869.0,0.00036,0.00033000000000000005,0.9166666666666667,0.2209163016748176
871.0,0.00045000000000000004,0.00043000000000000004,0.9555555555555556,0.20377776431465952
873.0,0.00039000000000000005,0.0004,1.0256410256410255,0.23080575355663505
875.0,0.00043000000000000004,0.00044,1.0232558139534884,0.2194235722610338
877.0,0.00041000000000000005,0.00037000000000000005,0.9024390243902439,0.20463144842902917
879.0,0.0004900000000000001,0.0005,1.020408163265306,0.205120222732803
881.0,0.00051,0.0005300000000000001,1.0392156862745099,0.20384466062221615
883.0,0.00039000000000000005,0.0004,1.0256410256410255,0.23080575355663505
885.0,0.00043000000000000004,0.0005700000000000001,1.3255813953488373,0.2677532459596877
887.0,0.00042,0.0005,1.1904761904761905,0.2491752945106112
889.0,0.00044,0.00030000000000000003,0.6818181818181819,0.16143491616212857
891.0,0.0004,0.00046,1.15,0.2486211978090364
893.0,0.00035000000000000005,0.00042,1.2,0.274642624930238
895.0,0.00047000000000000004,0.00027,0.5744680851063829,0.13872379307130006
897.0,0.00038,0.00039000000000000005,1.0263157894736843,0.23393880718080037
899.0,0.00036,0.00045000000000000004,1.25,0.2795084971874737
901.0,0.00036,0.00046,1.2777777777777777,0.28433615801452017
903.0,0.0004900000000000001,0.00047000000000000004,0.9591836734693877,0.195835051005792
905.0,0.0005200000000000001,0.00051,0.9807692307692307,0.19328523734829445
907.0,0.00047000000000000004,0.00038,0.8085106382978723,0.1763820858937431
909.0,0.00033000000000000005,0.00042,1.2727272727272725,0.2960631578540589
911.0,0.0005600000000000001,0.00045000000000000004,0.8035714285714286,0.16087364548146357
913.0,0.00035000000000000005,0.00026000000000000003,0.7428571428571429,0.19233110420396088
915.0,0.00048000000000000007,0.00041000000000000005,0.8541666666666666,0.18164568080876978
917.0,0.00039000000000000005,0.00039000000000000005,1.0,0.22645540682891913
919.0,0.0005200000000000001,0.00037000000000000005,0.7115384615384616,0.1530350289078503
921.0,0.0004,0.00037000000000000005,0.925,0.21098726264872011
923.0,0.00047000000000000004,0.00031,0.6595744680851063,0.15260942687447068
925.0,0.00046,0.00042,0.9130434782608696,0.19486293239851266
927.0,0.00028000000000000003,0.00036,1.2857142857142856,0.32396954829362334
929.0,0.00037000000000000005,0.00044,1.189189189189189,0.2652566384462938
931.0,0.00036,0.00042,1.1666666666666667,0.26498311150470716
933.0,0.00046,0.0005200000000000001,1.1304347826086958,0.2288115600388168
935.0,0.00033000000000000005,0.0004,1.212121212121212,0.28504965250601566
937.0,0.00047000000000000004,0.00039000000000000005,0.8297872340425532,0.17973586339951475
939.0,0.00055,0.00041000000000000005,0.7454545454545455,0.15380962405125656
941.0,0.00029,0.00037000000000000005,1.2758620689655173,0.31642867518989276
943.0,0.00034,0.00039000000000000005,1.147058823529412,0.2691382089824794
945.0,0.00051,0.00048000000000000007,0.9411764705882354,0.1892705097740809
947.0,0.00036,0.00033000000000000005,0.9166666666666667,0.2209163016748176
949.0,0.0005,0.00041000000000000005,0.8200000000000001,0.17276573734395373
951.0,0.00034,0.00034,1.0,0.24253562503633297
953.0,0.00034,0.00047000000000000004,1.3823529411764706,0.3112239875809
955.0,0.00032,0.00045000000000000004,1.40625,0.3251821154416783
957.0,0.00032,0.00038,1.1875,0.2849153520126636
959.0,0.00039000000000000005,0.00039000000000000005,1.0,0.22645540682891913
961.0,0.00034,0.00034,1.0,0.24253562503633297
963.0,0.0004900000000000001,0.00030000000000000003,0.6122448979591836,0.1419319118908231
965.0,0.00041000000000000005,0.00043000000000000004,1.048780487804878,0.22892756333343373
967.0,0.00045000000000000004,0.00037000000000000005,0.8222222222222223,0.18246896874313676
969.0,0.00037000000000000005,0.00045000000000000004,1.2162162162162162,0.2699047930641723
971.0,0.00043000000000000004,0.00047000000000000004,1.0930232558139534,0.2306574573713699
973.0,0.00034,0.00041000000000000005,1.2058823529411766,0.2797075469589056
975.0,0.00054,0.00038,0.7037037037037037,0.14900302049573397
977.0,0.0004,0.00043000000000000004,1.075,0.23614746452164165
979.0,0.00026000000000000003,0.00033000000000000005,1.2692307692307694,0.33283037460734466
981.0,0.00032,0.00035000000000000005,1.09375,0.26751396356662394
983.0,0.00032,0.00035000000000000005,1.09375,0.26751396356662394
985.0,0.00043000000000000004,0.00041000000000000005,0.9534883720930233,0.2081272222625755
987.0,0.00048000000000000007,0.00027,0.5624999999999999,0.13531646934131852
989.0,0.00035000000000000005,0.00042,1.2,0.274642624930238
991.0,0.00037000000000000005,0.00035000000000000005,0.9459459459459459,0.22304766661796005
993.0,0.00031,0.00035000000000000005,1.1290322580645162,0.27846040419367074
995.0,0.00039000000000000005,0.00047000000000000004,1.205128205128205,0.26103650378009735
997.0,0.0005300000000000001,0.00039000000000000005,0.7358490566037735,0.15524313801311537
999.0,0.00047000000000000004,0.00048000000000000007,1.021276595744681,0.20957314676734856
1001.0,0.00046,0.00045000000000000004,0.9782608695652174,0.2051115920286211
1003.0,0.00032,0.0004,1.25,0.29646353064078557
1005.0,0.00042,0.00048000000000000007,1.142857142857143,0.24147264420814762
1007.0,0.00033000000000000005,0.00034,1.0303030303030303,0.25177114214462143
1009.0,0.00044,0.00041000000000000005,0.9318181818181819,0.20226576271787505
1011.0,0.00035000000000000005,0.00039000000000000005,1.1142857142857143,0.2594454727929737
1013.0,0.00031,0.00043000000000000004,1.3870967741935485,0.3268191882061581
1015.0,0.00032,0.00047000000000000004,1.46875,0.3366181331689144
1017.0,0.00041000000000000005,0.00047000000000000004,1.146341463414634,0.2449708899659075
1019.0,0.00037000000000000005,0.00034,0.9189189189189189,0.21830618830082058
1021.0,0.00039000000000000005,0.00033000000000000005,0.8461538461538461,0.20013650325784332
1023.0,0.00036,0.00045000000000000004,1.25,0.2795084971874737
1025.0,0.00043000000000000004,0.00033000000000000005,0.7674418604651163,0.1776074106496054
1027.0,0.00032,0.00029,0.9062499999999999,0.23234800559317265
1029.0,0.00045000000000000004,0.0004,0.8888888888888888,0.19316155274674515
1031.0,0.00036,0.00031,0.861111111111111,0.2109912752797378
1033.0,0.00036,0.00043000000000000004,1.1944444444444444,0.26983235409070006
1035.0,0.00036,0.00039000000000000005,1.0833333333333335,0.25038550524055486
1037.0,0.00033000000000000005,0.0004,1.212121212121212,0.28504965250601566
1039.0,0.00038,0.00038,1.0,0.22941573387056177
1041.0,0.00037000000000000005,0.00032,0.8648648648648648,0.20878387243184623
1043.0,0.00043000000000000004,0.00047000000000000004,1.0930232558139534,0.2306574573713699
1045.0,0.00039000000000000005,0.0005200000000000001,1.3333333333333333,0.2824395152454411
1047.0,0.00044,0.0004900000000000001,1.1136363636363638,0.23129194037610815
1049.0,0.00036,0.00039000000000000005,1.0833333333333335,0.25038550524055486
1051.0,0.00034,0.00035000000000000005,1.0294117647058825,0.2478792605768785
1053.0,0.00044,0.00039000000000000005,0.8863636363636365,0.1949361277812559
1055.0,0.0004,0.00041000000000000005,1.0250000000000001,0.22779513822731162
1057.0,0.0005300000000000001,0.0005,0.9433962264150942,0.18599009237303699
1059.0,0.00045000000000000004,0.00048000000000000007,1.0666666666666667,0.22133154840868857
1061.0,0.0006000000000000001,0.00058,0.9666666666666666,0.17800332914073597
1063.0,0.00045000000000000004,0.00041000000000000005,0.9111111111111111,0.1967081633001445
1065.0,0.00042,0.00041000000000000005,0.9761904761904763,0.21431720605078777
1067.0,0.0005300000000000001,0.00035000000000000005,0.660377358490566,0.14383399853273882
1069.0,0.00055,0.0004900000000000001,0.890909090909091,0.17501314751513822
1071.0,0.00036,0.0006100000000000001,1.6944444444444446,0.3561205484005961
1073.0,0.0005700000000000001,0.00051,0.894736842105263,0.17245853092823688
1075.0,0.00046,0.00042,0.9130434782608696,0.19486293239851266
1077.0,0.00046,0.00046,1.0,0.20851441405707477
1079.0,0.00043000000000000004,0.0005,1.1627906976744184,0.24183758264263244
1081.0,0.00047000000000000004,0.00062,1.3191489361702127,0.25513045690763425
1083.0,0.00045000000000000004,0.00059,1.3111111111111111,0.25949195906146744
1085.0,0.00058,0.00045000000000000004,0.7758620689655173,0.1541284741211477
1087.0,0.0005300000000000001,0.00051,0.9622641509433961,0.18875043156937849
1089.0,0.0005,0.0004900000000000001,0.9800000000000002,0.19699746191258408
1091.0,0.0005,0.00046,0.92,0.1879574419915317
1093.0,0.00047000000000000004,0.0005600000000000001,1.1914893617021276,0.23570339550860658
1095.0,0.0006500000000000001,0.00047000000000000004,0.7230769230769231,0.13844838859319014
1097.0,0.0005,0.0005600000000000001,1.12,0.21791741555001978
1099.0,0.0006100000000000001,0.0005200000000000001,0.8524590163934426,0.16089633109877874
1101.0,0.0005600000000000001,0.0005,0.8928571428571428,0.17372242948821728
1103.0,0.0006000000000000001,0.00045000000000000004,0.75,0.1479019945774904
1105.0,0.0005600000000000001,0.00059,1.0535714285714286,0.19655897804809613
1107.0,0.0005200000000000001,0.0006500000000000001,1.25,0.23256512735476587
1109.0,0.0005300000000000001,0.00051,0.9622641509433961,0.18875043156937849
1111.0,0.00062,0.00059,0.9516129032258065,0.17307373129595408
1113.0,0.00059,0.00062,1.0508474576271185,0.19112192562529368
1115.0,0.0006600000000000001,0.00067,1.015151515151515,0.1760545763291983
1117.0,0.00063,0.0005,0.7936507936507936,0.1503188344773344
1119.0,0.00067,0.0006000000000000001,0.8955223880597015,0.1591714899645977
1121.0,0.00058,0.0005300000000000001,0.913793103448276,0.17364306132854873
1123.0,0.00058,0.00059,1.017241379310345,0.1880948679885965
1125.0,0.00055,0.0006500000000000001,1.1818181818181819,0.21652261677769016
1127.0,0.0005300000000000001,0.00063,1.1886792452830188,0.22155699439015794
1129.0,0.00062,0.00064,1.0322580645161292,0.18394488902380318
1131.0,0.00067,0.00055,0.8208955223880597,0.14936507319490652
1133.0,0.0007300000000000001,0.0006900000000000001,0.9452054794520548,0.1587027409038259
1135.0,0.0006500000000000001,0.0007400000000000001,1.1384615384615384,0.19353219620906453
1137.0,0.0005600000000000001,0.00045000000000000004,0.8035714285714286,0.16087364548146357
1139.0,0.00058,0.00067,1.1551724137931034,0.20718123497863047
1141.0,0.0004900000000000001,0.00047000000000000004,0.9591836734693877,0.195835051005792
1143.0,0.0005300000000000001,0.0005700000000000001,1.0754716981132075,0.20522013360511257
1145.0,0.0006100000000000001,0.00067,1.0983606557377048,0.19437823470758533
1147.0,0.00063,0.0006000000000000001,0.9523809523809524,0.17179770453402096
1149.0,0.0006500000000000001,0.0005200000000000001,0.8,0.14884168150705016
1151.0,0.00063,0.00062,0.9841269841269841,0.1760516205419821
1153.0,0.00048000000000000007,0.00048000000000000007,1.0,0.2041241452319315
1155.0,0.0005300000000000001,0.00045000000000000004,0.8490566037735848,0.17210975656649916
1157.0,0.00048000000000000007,0.0005700000000000001,1.1875,0.2326324107721593
1159.0,0.0005300000000000001,0.00063,1.1886792452830188,0.22155699439015794
1161.0,0.0004,0.00067,1.675,0.3346873541082782
1163.0,0.0007800000000000001,0.00047000000000000004,0.6025641025641025,0.11126588623324328
1165.0,0.0006100000000000001,0.00064,1.0491803278688525,0.1877371587914322
1167.0,0.00063,0.00047000000000000004,0.746031746031746,0.14379190829381375
1169.0,0.00045000000000000004,0.00058,1.2888888888888888,0.25604354910792126
1171.0,0.0005700000000000001,0.00045000000000000004,0.7894736842105262,0.1574323793726628
1173.0,0.00041000000000000005,0.00063,1.5365853658536583,0.3083267174490548
1175.0,0.0005200000000000001,0.00051,0.9807692307692307,0.19328523734829445
1177.0,0.00064,0.00051,0.796875,0.149576734363639
1179.0,0.0005200000000000001,0.00054,1.0384615384615383,0.20176451931957345
1181.0,0.0005,0.00044,0.88,0.18190107201443317
1183.0,0.00046,0.0005600000000000001,1.2173913043478262,0.2422464112108886
1185.0,0.00048000000000000007,0.00042,0.8749999999999999,0.18487749322186298
1187.0,0.0006000000000000001,0.0005,0.8333333333333333,0.15957118462605632
1189.0,0.00046,0.00047000000000000004,1.0217391304347827,0.21191107554084673
1191.0,0.00062,0.00044,0.7096774193548387,0.13989163195805107
1193.0,0.0005600000000000001,0.0005300000000000001,0.9464285714285715,0.18137154113295892
1195.0,0.00055,0.00059,1.0727272727272728,0.20106403658265717
1197.0,0.00059,0.00055,0.9322033898305084,0.1747252831549951
1199.0,0.00047000000000000004,0.0005,1.0638297872340425,0.21613449336498253
1201.0,0.00059,0.00042,0.711864406779661,0.1437167258715714
1203.0,0.0004900000000000001,0.00041000000000000005,0.836734693877551,0.17710020464708381
1205.0,0.00035000000000000005,0.00047000000000000004,1.3428571428571427,0.2998152978551767
1207.0,0.0004900000000000001,0.00054,1.1020408163265305,0.2174309544254703
1209.0,0.00048000000000000007,0.00055,1.1458333333333333,0.22632790376608034
1211.0,0.00044,0.0005300000000000001,1.2045454545454548,0.24566584874819714
1213.0,0.00038,0.0005300000000000001,1.3947368421052633,0.2964716947894736
1215.0,0.0005,0.0005300000000000001,1.06,0.2089784677903444
1217.0,0.00055,0.00038,0.6909090909090909,0.1457435146107346
1219.0,0.0005200000000000001,0.00048000000000000007,0.9230769230769231,0.18476325439048513
1221.0,0.00047000000000000004,0.0005,1.0638297872340425,0.21613449336498253
1223.0,0.00059,0.0005200000000000001,0.8813559322033899,0.1676428918172164
1225.0,0.00048000000000000007,0.0005,1.0416666666666665,0.21049228564205102
1227.0,0.00045000000000000004,0.0004,0.8888888888888888,0.19316155274674515
1229.0,0.00058,0.00047000000000000004,0.810344827586207,0.15903824996337368
1231.0,0.00048000000000000007,0.00059,1.2291666666666665,0.23892194336885036
1233.0,0.0004,0.0004,1.0,0.22360679774997896
1235.0,0.00042,0.00043000000000000004,1.023809523809524,0.22211084024340982
1237.0,0.00045000000000000004,0.00045000000000000004,1.0,0.21081851067789195
1239.0,0.0005,0.00047000000000000004,0.9400000000000001,0.1909764383372986
1241.0,0.0004900000000000001,0.00043000000000000004,0.8775510204081632,0.18337242208182375
1243.0,0.00042,0.00051,1.2142857142857144,0.25301870391073583
1245.0,0.00051,0.0004900000000000001,0.9607843137254903,0.19219530565090334
1247.0,0.00041000000000000005,0.0004,0.975609756097561,0.2168186919474709
1249.0,0.00063,0.0006600000000000001,1.0476190476190477,0.1845253334245708
1251.0,0.0005200000000000001,0.0004900000000000001,0.9423076923076924,0.18760901852655928
1253.0,0.0005300000000000001,0.0005600000000000001,1.0566037735849056,0.20248528052437134
1255.0,0.00038,0.00058,1.526315789473684,0.31854751271944715
1257.0,0.0004,0.0005600000000000001,1.4000000000000001,0.2898275349237888
1259.0,0.00039000000000000005,0.0004900000000000001,1.2564102564102564,0.269614016071368
1261.0,0.0005,0.00029,0.58,0.1353809440061636
1263.0,0.0004,0.00048000000000000007,1.2000000000000002,0.2569046515733026
1265.0,0.00037000000000000005,0.0005,1.351351351351351,0.2930502136730096
1267.0,0.00051,0.00041000000000000005,0.803921568627451,0.16862834508851593
1269.0,0.0005700000000000001,0.00055,0.9649122807017543,0.18238036165781488
1271.0,0.00041000000000000005,0.00059,1.4390243902439024,0.2925837626973929
1273.0,0.00047000000000000004,0.00032,0.6808510638297872,0.15604208617698884
1275.0,0.00043000000000000004,0.00042,0.9767441860465116,0.21190022833389663
1277.0,0.0004900000000000001,0.00058,1.1836734693877549,0.2296739637461356
1279.0,0.00046,0.00047000000000000004,1.0217391304347827,0.21191107554084673
1281.0,0.0005200000000000001,0.00063,1.2115384615384615,0.22699389628042033
1283.0,0.00054,0.00044,0.8148148148148149,0.1654812285010955
1285.0,0.00046,0.00047000000000000004,1.0217391304347827,0.21191107554084673
1287.0,0.00047000000000000004,0.0004900000000000001,1.0425531914893618,0.2128564768967436
1289.0,0.00046,0.00051,1.108695652173913,0.22544167766579085
1291.0,0.00045000000000000004,0.0006100000000000001,1.3555555555555556,0.2663784450636219
1293.0,0.00037000000000000005,0.00045000000000000004,1.2162162162162162,0.2699047930641723
1295.0,0.00044,0.00046,1.0454545454545454,0.220455610460067
1297.0,0.00048000000000000007,0.0005700000000000001,1.1875,0.2326324107721593
1299.0,0.00054,0.00045000000000000004,0.8333333333333334,0.1682027974498607
1301.0,0.0005,0.00058,1.16,0.22385709727413156
1303.0,0.00047000000000000004,0.0005300000000000001,1.1276595744680853,0.22593897172417893
1305.0,0.00051,0.00046,0.9019607843137255,0.18340430216870948
1307.0,0.0005200000000000001,0.00037000000000000005,0.7115384615384616,0.1530350289078503
1309.0,0.00044,0.00043000000000000004,0.9772727272727273,0.20956311214393158
1311.0,0.0004900000000000001,0.00047000000000000004,0.9591836734693877,0.195835051005792
1313.0,0.00048000000000000007,0.0005,1.0416666666666665,0.21049228564205102
1315.0,0.0005300000000000001,0.00041000000000000005,0.7735849056603773,0.16089481574759307
1317.0,0.00045000000000000004,0.0005200000000000001,1.1555555555555557,0.2352712003686556
1319.0,0.00034,0.00045000000000000004,1.3235294117647058,0.300747085241899
1321.0,0.0005600000000000001,0.00036,0.6428571428571428,0.13732927381321194
1323.0,0.00054,0.00042,0.7777777777777778,0.16001828884957683
1325.0,0.00032,0.00036,1.125,0.27332587007087344
1327.0,0.0006100000000000001,0.00047000000000000004,0.7704918032786885,0.149542988073463
1329.0,0.00044,0.0005,1.1363636363636362,0.23489291324177838
1331.0,0.00058,0.00051,0.8793103448275863,0.1687937441309095
1333.0,0.00038,0.00033000000000000005,0.868421052631579,0.20663826626851028
1335.0,0.0005300000000000001,0.00037000000000000005,0.6981132075471698,0.14955753976306416
1337.0,0.00035000000000000005,0.00042,1.2,0.274642624930238
1339.0,0.00046,0.00030000000000000003,0.6521739130434783,0.1530490633110493
1341.0,0.00042,0.00025,0.5952380952380952,0.1503603992049302
1343.0,0.00038,0.00042,1.1052631578947367,0.24745386630611962
1345.0,0.00044,0.00043000000000000004,0.9772727272727273,0.20956311214393158
1347.0,0.00034,0.00035000000000000005,1.0294117647058825,0.2478792605768785
1349.0,0.00046,0.00045000000000000004,0.9782608695652174,0.2051115920286211
1351.0,0.00034,0.0004900000000000001,1.4411764705882355,0.3216760377060692
1353.0,0.00031,0.00045000000000000004,1.4516129032258065,0.33882115008237595
1355.0,0.00046,0.00032,0.6956521739130435,0.16013473409865686
1357.0,0.00039000000000000005,0.00027,0.6923076923076922,0.1733232960458794
1359.0,0.00036,0.00029,0.8055555555555555,0.20100271616752233
1361.0,0.00026000000000000003,0.00037000000000000005,1.4230769230769231,0.36417582672654397
1363.0,0.00029,0.00032,1.103448275862069,0.2829064895688571
1365.0,0.00039000000000000005,0.00042,1.0769230769230769,0.23948054845974034
1367.0,0.0004,0.00038,0.95,0.21520339216657344
1369.0,0.00028000000000000003,0.00029,1.0357142857142856,0.27440964993359174
1371.0,0.00036,0.00038,1.0555555555555556,0.24550136265857134
1373.0,0.00035000000000000005,0.00030000000000000003,0.8571428571428571,0.2132628649406225
1375.0,0.00031,0.00037000000000000005,1.1935483870967742,0.29061148765330547
1377.0,0.00027,0.00042,1.5555555555555556,0.3837103769856804
1379.0,0.00041000000000000005,0.00037000000000000005,0.9024390243902439,0.20463144842902917
1381.0,0.00034,0.00033000000000000005,0.9705882352941178,0.2371788700653052
1383.0,0.00043000000000000004,0.00038,0.883720930232558,0.1967576488725469
1385.0,0.0004900000000000001,0.00030000000000000003,0.6122448979591836,0.1419319118908231
1387.0,0.00027,0.00033000000000000005,1.2222222222222223,0.31716623651025017
1389.0,0.00036,0.00043000000000000004,1.1944444444444444,0.26983235409070006
1391.0,0.00031,0.0004,1.2903225806451613,0.30875686972991834
1393.0,0.0004,0.00045000000000000004,1.125,0.24447009019509933
1395.0,0.00030000000000000003,0.00033000000000000005,1.1,0.2774887385102322
1397.0,0.00021,0.00038,1.8095238095238095,0.49202691693488293
1399.0,0.00032,0.0004,1.25,0.29646353064078557
1401.0,0.00025,0.00031,1.24,0.33332266649599457
1403.0,0.00034,0.00037000000000000005,1.0882352941176472,0.2585304254185324
1405.0,0.0004,0.00029,0.725,0.17682088394756995
1407.0,0.00028000000000000003,0.00033000000000000005,1.1785714285714286,0.30282019894039003
1409.0,0.00030000000000000003,0.00035000000000000005,1.1666666666666667,0.2902744550580696
1411.0,0.00035000000000000005,0.00024000000000000003,0.6857142857142857,0.18173122755062043
1413.0,0.00033000000000000005,0.00026000000000000003,0.7878787878787878,0.20660544833293384
1415.0,0.00038,0.00035000000000000005,0.9210526315789475,0.2157844063995267
1417.0,0.00039000000000000005,0.00030000000000000003,0.7692307692307692,0.1868048992907546
1419.0,0.00042,0.00036,0.8571428571428572,0.1946814696769277
1421.0,0.00035000000000000005,0.00030000000000000003,0.8571428571428571,0.2132628649406225
1423.0,0.00032,0.00044,1.375,0.3194538796915761
1425.0,0.00030000000000000003,0.00031,1.0333333333333332,0.2646451152714462
1427.0,0.00032,0.00029,0.9062499999999999,0.23234800559317265
1429.0,0.00026000000000000003,0.00024000000000000003,0.9230769230769231,0.2612947001872144
1431.0,0.00034,0.00033000000000000005,0.9705882352941178,0.2371788700653052
1433.0,0.00036,0.00030000000000000003,0.8333333333333334,0.2060055135304351
1435.0,0.00026000000000000003,0.00036,1.3846153846153846,0.35635845976126745
1437.0,0.00036,0.00023,0.6388888888888888,0.17054389311475798
1439.0,0.00041000000000000005,0.00031,0.7560975609756097,0.17995806304755066
1441.0,0.00030000000000000003,0.00033000000000000005,1.1,0.2774887385102322
1443.0,0.00031,0.00033000000000000005,1.0645161290322582,0.26625907332727544
1445.0,0.00029,0.00026000000000000003,0.8965517241379312,0.24214249995096776
1447.0,0.00023,0.00033000000000000005,1.4347826086956523,0.3897258647970254
1449.0,0.00036,0.00030000000000000003,0.8333333333333334,0.2060055135304351
1451.0,0.00035000000000000005,0.00015000000000000001,0.42857142857142855,0.13226001425322162
1453.0,0.00027,0.00018,0.6666666666666667,0.20286020648339487
1455.0,0.00030000000000000003,0.00029,0.9666666666666666,0.25173472221839077
1457.0,0.00024000000000000003,0.00027,1.1249999999999998,0.3156095293238149
1459.0,0.00021,0.00027,1.2857142857142856,0.3740878118331298
1461.0,0.00025,0.00023,0.92,0.2658119636133784
1463.0,0.00029,0.00025,0.8620689655172414,0.23527180662793556
1465.0,0.00021,0.00027,1.2857142857142856,0.3740878118331298
1467.0,0.00022,0.00030000000000000003,1.3636363636363638,0.38276152650940204
1469.0,0.00026000000000000003,0.00028000000000000003,1.0769230769230769,0.29330257352411193
1471.0,0.00025,0.00022,0.88,0.2572469630530165
1473.0,0.00032,0.00018,0.5625,0.16572815184059705
1475.0,0.00017,0.00022,1.2941176470588234,0.4178979703431624
1477.0,0.0002,0.00023,1.15,0.35160346983498336
1479.0,0.00023,0.00026000000000000003,1.1304347826086958,0.32358841143464045
1481.0,0.00025,0.00026000000000000003,1.04,0.29131426329653004
1483.0,0.00028000000000000003,0.00021,0.75,0.21650635094610962
1485.0,0.00032,0.00027,0.8437499999999999,0.22048696549484506
1487.0,0.00018,0.00025,1.3888888888888888,0.4293341896062826
1489.0,0.00023,0.00029,1.2608695652173914,0.3520537030247371
1491.0,0.00026000000000000003,0.00022,0.846153846153846,0.24511615594328967
1493.0,0.00025,0.00025,1.0,0.28284271247461906
1495.0,0.00023,0.00029,1.2608695652173914,0.3520537030247371
1497.0,0.00028000000000000003,0.00030000000000000003,1.0714285714285714,0.2815383604351305
1499.0,0.00024000000000000003,0.0004,1.6666666666666665,0.4303314829119352
1501.0,0.00036,0.00019,0.5277777777777778,0.14965953588189457
1503.0,0.00033000000000000005,0.00025,0.7575757575757575,0.20086908038776266
1505.0,0.00028000000000000003,0.00025,0.8928571428571428,0.24568061587064058
1507.0,0.00030000000000000003,0.00023,0.7666666666666666,0.21248093596402512
1509.0,0.00028000000000000003,0.00016,0.5714285714285714,0.17908090586514533
1511.0,0.00027,0.0002,0.7407407407407408,0.21853363040908239
1513.0,0.00025,0.00022,0.88,0.2572469630530165
1515.0,0.00036,0.00025,0.6944444444444444,0.18079281657191332
1517.0,0.00025,0.00032,1.28,0.341666504065002
1519.0,0.00019,0.00022,1.1578947368421053,0.362637629658963
1521.0,0.00024000000000000003,0.00019,0.7916666666666666,0.243105153669643
1523.0,0.00024000000000000003,0.00029,1.2083333333333333,0.33344182262288885
1525.0,0.00028000000000000003,0.00026000000000000003,0.9285714285714286,0.25289864757946384
1527.0,0.00018,0.00022,1.222222222222222,0.3884477215445006
1529.0,0.00018,0.00022,1.222222222222222,0.3884477215445006
1531.0,0.00015000000000000001,0.00022,1.4666666666666666,0.49110608343328954
1533.0,0.00021,0.00024000000000000003,1.142857142857143,0.3414938883812554
1535.0,0.00024000000000000003,0.00027,1.1249999999999998,0.3156095293238149
1537.0,0.00023,0.00023,1.0,0.29488391230979427
1539.0,0.00022,0.00018,0.8181818181818182,0.2600352516124343
1541.0,0.00019,0.0002,1.0526315789473684,0.33722277658799343
1543.0,0.00025,0.00023,0.92,0.2658119636133784
1545.0,0.00025,0.00017,0.68,0.21376622745419824
1547.0,0.00029,0.0002,0.6896551724137931,0.2004546065435103
1549.0,0.00013000000000000002,0.00021,1.6153846153846152,0.5700777322844744
1551.0,0.00022,0.00027,1.2272727272727273,0.35248926962263466
1553.0,0.00015000000000000001,0.00014000000000000001,0.9333333333333333,0.346837564713363
1555.0,0.0002,0.00026000000000000003,1.3,0.3866522985836241
1557.0,0.00017,0.0002,1.1764705882352942,0.3880989589705177
1559.0,0.00027,0.00011,0.40740740740740744,0.14572782888580885
1561.0,0.00021,0.0002,0.9523809523809524,0.29756235287663035
1563.0,0.00019,0.00018,0.9473684210526316,0.3116066469681885
1565.0,0.00013000000000000002,0.00015000000000000001,1.1538461538461537,0.43722966158369625
1567.0,0.0001,0.00017,1.7,0.677495387438173
1569.0,0.0002,0.00015000000000000001,0.75,0.25617376914899
1571.0,0.00017,0.00012000000000000002,0.7058823529411765,0.2661437304225524
1573.0,0.00012000000000000002,0.00023,1.9166666666666665,0.6825367986280897
1575.0,0.00021,0.00023,1.0952380952380951,0.33056838356720036
1577.0,0.00023,0.00018,0.782608695652174,0.24628412949650433
1579.0,0.00023,0.00014000000000000001,0.6086956521739131,0.2063351061985605
1581.0,0.0002,0.00025,1.25,0.37500000000000006
1583.0,0.00022,0.00025,1.1363636363636362,0.33218874361184975
1585.0,0.00021,0.0001,0.4761904761904762,0.1829582109201298
1587.0,0.00014000000000000001,0.0002,1.4285714285714284,0.49780860888369255
1589.0,0.00029,7.000000000000001e-05,0.2413793103448276,0.10164903816010708
1591.0,0.00025,0.00025,1.0,0.28284271247461906
1593.0,0.00025,0.00021,0.84,0.24864432428672087
1595.0,0.00019,0.00014000000000000001,0.736842105263158,0.259531804495772
1597.0,0.00018,0.00016,0.888888888888889,0.3054152315272341
1599.0,0.00016,0.00019,1.1875,0.4029311549446133
1601.0,0.00014000000000000001,0.00012000000000000002,0.8571428571428572,0.3371981967726185
1603.0,0.00016,0.00029,1.8124999999999998,0.5644497458808888
1605.0,0.00014000000000000001,0.00025,1.7857142857142856,0.5960878288544859
1607.0,0.00022,0.00027,1.2272727272727273,0.35248926962263466
1609.0,0.0002,0.0002,1.0,0.316227766016838
1611.0,0.00018,0.0002,1.1111111111111112,0.36099238314107274
1613.0,0.00021,0.00014000000000000001,0.6666666666666667,0.23002185311411807
1615.0,0.00019,0.00018,0.9473684210526316,0.3116066469681885
1617.0,0.00021,0.00031,1.476190476190476,0.4172089118224734
1619.0,0.00021,0.00027,1.2857142857142856,0.3740878118331298
1621.0,0.00018,0.00026000000000000003,1.4444444444444444,0.44289854604079254
1623.0,0.0002,0.00014000000000000001,0.7000000000000001,0.2439262183530094
1625.0,0.00019,0.00021,1.1052631578947367,0.349952613791773
1627.0,0.00026000000000000003,0.00025,0.9615384615384615,0.26933641207149595
1629.0,0.00026000000000000003,0.00016,0.6153846153846153,0.1955350490160746
1631.0,0.00011,0.0002,1.8181818181818181,0.6825065395723167
1633.0,0.00016,0.00018,1.125,0.38654115240165565
1635.0,0.00014000000000000001,0.00013000000000000002,0.9285714285714286,0.3576526973126915
1637.0,0.00014000000000000001,0.00016,1.1428571428571428,0.4182428884065142
1639.0,0.00019,0.00013000000000000002,0.6842105263157895,0.24627269552235867
1641.0,0.00016,0.00016,1.0,0.3535533905932738
1643.0,0.00016,0.00017,1.0625,0.3700849775727191
1645.0,0.00016,0.00013000000000000002,0.8125,0.30338262248355624
1647.0,0.00017,0.00015000000000000001,0.8823529411764706,0.3125699596023866
1649.0,0.00011,0.00018,1.6363636363636365,0.6262478152222358
1651.0,0.00017,0.00015000000000000001,0.8823529411764706,0.3125699596023866
1653.0,0.00018,0.00021,1.1666666666666667,0.37474271008977894
1655.0,0.00013000000000000002,0.00018,1.3846153846153846,0.5039669668607712
1657.0,0.00019,0.00023,1.2105263157894737,0.37528236926965797
1659.0,0.00023,0.00015000000000000001,0.6521739130434783,0.21644406104298441
1661.0,0.0002,0.00013000000000000002,0.65,0.23157072353818822
1663.0,0.00011,0.00013000000000000002,1.1818181818181819,0.4841592897810516
1665.0,0.00024000000000000003,0.00022,0.9166666666666665,0.27056610748302995
1667.0,0.00017,0.00012000000000000002,0.7058823529411765,0.2661437304225524
1669.0,0.00013000000000000002,0.00013000000000000002,1.0,0.39223227027636803
1671.0,0.00015000000000000001,0.00018,1.2,0.41952353926806063
1673.0,0.00014000000000000001,0.00013000000000000002,0.9285714285714286,0.3576526973126915
1675.0,0.00017,0.00012000000000000002,0.7058823529411765,0.2661437304225524
1677.0,7.000000000000001e-05,0.00019,2.714285714285714,1.200097177795033
1679.0,8e-05,0.0001,1.25,0.5929270612815711
1681.0,0.00014000000000000001,0.00012000000000000002,0.8571428571428572,0.3371981967726185
1683.0,0.00012000000000000002,0.00012000000000000002,1.0,0.408248290463863
1685.0,0.00019,0.00014000000000000001,0.736842105263158,0.259531804495772
1687.0,0.00014000000000000001,0.00013000000000000002,0.9285714285714286,0.3576526973126915
1689.0,0.0001,0.00014000000000000001,1.4000000000000001,0.5796550698475776
1691.0,0.00018,0.0001,0.5555555555555556,0.21911406604072653
1693.0,9e-05,0.00016,1.777777777777778,0.7407407407407407
1695.0,8e-05,0.00012000000000000002,1.5,0.6846531968814576
1697.0,6.000000000000001e-05,0.00016,2.6666666666666665,1.2765694770084508
1699.0,0.00012000000000000002,0.00012000000000000002,1.0,0.408248290463863
1701.0,8e-05,0.00011,1.375,0.6389077593831523
1703.0,0.0001,6.000000000000001e-05,0.6000000000000001,0.3098386676965934
1705.0,0.00011,9e-05,0.8181818181818182,0.3677453795254048
1707.0,8e-05,0.00013000000000000002,1.625,0.7302075903467452
1709.0,9e-05,0.00011,1.222222222222222,0.5493480360811602
1711.0,5e-05,5e-05,1.0,0.632455532033676
1713.0,9e-05,8e-05,0.888888888888889,0.4319223625811333
1715.0,3.0000000000000004e-05,0.0001,3.333333333333333,2.1942686286812774
1717.0,7.000000000000001e-05,5e-05,0.7142857142857142,0.41824288840651425
1719.0,0.00014000000000000001,0.00014000000000000001,1.0,0.37796447300922725
1721.0,0.00012000000000000002,0.00012000000000000002,1.0,0.408248290463863
1723.0,7.000000000000001e-05,6.000000000000001e-05,0.8571428571428572,0.4768702630835887
1725.0,7.000000000000001e-05,8e-05,1.1428571428571428,0.5914847651505892
1727.0,5e-05,9e-05,1.8,1.0039920318408908
1729.0,0.00012000000000000002,5e-05,0.41666666666666663,0.22178776975932377
1731.0,0.0001,0.00014000000000000001,1.4000000000000001,0.5796550698475776
1733.0,8e-05,0.00011,1.375,0.6389077593831523
1735.0,6.000000000000001e-05,7.000000000000001e-05,1.1666666666666665,0.6490734136415512
1737.0,4e-05,8e-05,2.0,1.224744871391589
1739.0,7.000000000000001e-05,5e-05,0.7142857142857142,0.41824288840651425
1741.0,8e-05,4e-05,0.5,0.30618621784789724
1743.0,5e-05,6.000000000000001e-05,1.2000000000000002,0.7266360849833982
1745.0,3.0000000000000004e-05,3.0000000000000004e-05,1.0,0.816496580927726
1747.0,6.000000000000001e-05,5e-05,0.8333333333333333,0.504608392349582
1749.0,0.0,8e-05,,
1751.0,2e-05,3.0000000000000004e-05,1.5,1.3693063937629153
1753.0,3.0000000000000004e-05,1e-05,0.3333333333333333,0.3849001794597505
1755.0,1e-05,3.0000000000000004e-05,3.0,3.4641016151377544
1757.0,3.0000000000000004e-05,4e-05,1.3333333333333333,1.018350154434631
1759.0,2e-05,4e-05,2.0,1.7320508075688774
1761.0,1e-05,1e-05,1.0,1.4142135623730951
1763.0,1e-05,1e-05,1.0,1.4142135623730951
1765.0,0.0,1e-05,,
1767.0,0.0,0.0,,
1769.0,0.0,2e-05,,
1771.0,0.0,1e-05,,
1773.0,0.0,2e-05,,
1775.0,2e-05,0.0,0.0,0.0
1777.0,1e-05,0.0,0.0,0.0
1779.0,1e-05,1e-05,1.0,1.4142135623730951
1781.0,1e-05,0.0,0.0,0.0
1783.0,0.0,0.0,,
1785.0,0.0,0.0,,
1787.0,0.0,0.0,,
1789.0,0.0,0.0,,
1791.0,0.0,0.0,,
1793.0,0.0,0.0,,
1795.0,0.0,0.0,,
1797.0,0.0,0.0,,
1799.0,0.0,0.0,,
1801.0,0.0,1e-05,,
1803.0,0.0,0.0,,
1805.0,0.0,0.0,,
1807.0,0.0,0.0,,
1809.0,0.0,0.0,,
1811.0,0.0,0.0,,
1813.0,0.0,0.0,,
1815.0,0.0,0.0,,
1817.0,0.0,0.0,,
1819.0,0.0,0.0,,
1821.0,0.0,0.0,,
1823.0,0.0,0.0,,
1825.0,0.0,0.0,,
1827.0,0.0,0.0,,
1829.0,0.0,0.0,,
1831.0,0.0,0.0,,
1833.0,0.0,0.0,,
1835.0,0.0,0.0,,
1837.0,0.0,0.0,,
1839.0,0.0,0.0,,
1841.0,0.0,0.0,,
1843.0,0.0,0.0,,
1845.0,0.0,0.0,,
1847.0,0.0,0.0,,
1849.0,0.0,0.0,,
1851.0,0.0,0.0,,
1853.0,0.0,0.0,,
1855.0,0.0,0.0,,
1857.0,0.0,0.0,,
1859.0,0.0,0.0,,
1861.0,0.0,0.0,,
1863.0,0.0,0.0,,
1865.0,0.0,0.0,,
1867.0,0.0,0.0,,
1869.0,0.0,0.0,,
1871.0,0.0,0.0,,
1873.0,0.0,0.0,,
1875.0,0.0,0.0,,
1877.0,0.0,0.0,,
1879.0,0.0,0.0,,
1881.0,0.0,0.0,,
1883.0,0.0,0.0,,
1885.0,0.0,0.0,,
1887.0,0.0,0.0,,
1889.0,0.0,0.0,,
1891.0,0.0,0.0,,
1893.0,0.0,0.0,,
1895.0,0.0,0.0,,
1897.0,0.0,0.0,,
1899.0,0.0,0.0,,
1901.0,0.0,0.0,,
1903.0,0.0,0.0,,
1905.0,0.0,0.0,,
1907.0,0.0,0.0,,
1909.0,0.0,0.0,,
1911.0,0.0,0.0,,
1913.0,0.0,0.0,,
1915.0,0.0,0.0,,
1917.0,0.0,0.0,,
1919.0,0.0,0.0,,
1921.0,0.0,0.0,,
1923.0,0.0,0.0,,
1925.0,0.0,0.0,,
1927.0,0.0,0.0,,
1929.0,0.0,0.0,,
1931.0,0.0,0.0,,
1933.0,0.0,0.0,,
1935.0,0.0,0.0,,
1937.0,0.0,0.0,,
1939.0,0.0,0.0,,
1941.0,0.0,0.0,,
1943.0,0.0,0.0,,
1945.0,0.0,0.0,,
1947.0,0.0,0.0,,
1949.0,0.0,0.0,,
1951.0,0.0,0.0,,
1953.0,0.0,0.0,,
1955.0,0.0,0.0,,
1957.0,0.0,0.0,,
1959.0,0.0,0.0,,
1961.0,0.0,0.0,,
1963.0,0.0,0.0,,
1965.0,0.0,0.0,,
1967.0,0.0,0.0,,
1969.0,0.0,0.0,,
1971.0,0.0,0.0,,
1973.0,0.0,0.0,,
1975.0,0.0,0.0,,
1977.0,0.0,0.0,,
1979.0,0.0,0.0,,
1981.0,0.0,0.0,,
1983.0,0.0,0.0,,
1985.0,0.0,0.0,,
1987.0,0.0,0.0,,
1989.0,0.0,0.0,,
1991.0,0.0,0.0,,
1993.0,0.0,0.0,,
1995.0,0.0,0.0,,
1997.0,0.0,0.0,,
1999.0,0.0,0.0,,
2001.0,0.0,0.0,,
2003.0,0.0,0.0,,
2005.0,0.0,0.0,,
2007.0,0.0,0.0,,
2009.0,0.0,0.0,,
2011.0,0.0,0.0,,
2013.0,0.0,0.0,,
2015.0,0.0,0.0,,
2017.0,0.0,0.0,,
2019.0,0.0,0.0,,
2021.0,0.0,0.0,,
2023.0,0.0,0.0,,
2025.0,0.0,0.0,,
2027.0,0.0,0.0,,
2029.0,0.0,0.0,,
2031.0,0.0,0.0,,
2033.0,0.0,0.0,,
2035.0,0.0,0.0,,
2037.0,0.0,0.0,,
2039.0,0.0,0.0,,
2041.0,0.0,0.0,,
2043.0,0.0,0.0,,
2045.0,0.0,0.0,,
2047.0,0.0,0.0,,
2049.0,0.0,0.0,,
2051.0,0.0,0.0,,
2053.0,0.0,0.0,,
2055.0,0.0,0.0,,
2057.0,0.0,0.0,,
2059.0,0.0,0.0,,
2061.0,0.0,0.0,,
2063.0,0.0,0.0,,
2065.0,0.0,0.0,,
2067.0,0.0,0.0,,
2069.0,0.0,0.0,,
2071.0,0.0,0.0,,
2073.0,0.0,0.0,,
2075.0,0.0,0.0,,
2077.0,0.0,0.0,,
2079.0,0.0,0.0,,
2081.0,0.0,0.0,,
2083.0,0.0,0.0,,
2085.0,0.0,0.0,,
2087.0,0.0,0.0,,
2089.0,0.0,0.0,,
2091.0,0.0,0.0,,
2093.0,0.0,0.0,,
2095.0,0.0,0.0,,
2097.0,0.0,0.0,,
2099.0,0.0,0.0,,
2101.0,0.0,0.0,,
2103.0,0.0,0.0,,
2105.0,0.0,0.0,,
2107.0,0.0,0.0,,
2109.0,0.0,0.0,,
2111.0,0.0,0.0,,
2113.0,0.0,0.0,,
2115.0,0.0,0.0,,
2117.0,0.0,0.0,,
2119.0,0.0,0.0,,
2121.0,0.0,0.0,,
2123.0,0.0,0.0,,
2125.0,0.0,0.0,,
2127.0,0.0,0.0,,
2129.0,0.0,0.0,,
2131.0,0.0,0.0,,
2133.0,0.0,0.0,,
2135.0,0.0,0.0,,
2137.0,0.0,0.0,,
2139.0,0.0,0.0,,
2141.0,0.0,0.0,,
2143.0,0.0,0.0,,
2145.0,0.0,0.0,,
2147.0,0.0,0.0,,
2149.0,0.0,0.0,,
2151.0,0.0,0.0,,
2153.0,0.0,0.0,,
2155.0,0.0,0.0,,
2157.0,0.0,0.0,,
2159.0,0.0,0.0,,
2161.0,0.0,0.0,,
2163.0,0.0,0.0,,
2165.0,0.0,0.0,,
2167.0,0.0,0.0,,
2169.0,0.0,0.0,,
2171.0,0.0,0.0,,
2173.0,0.0,0.0,,
2175.0,0.0,0.0,,
2177.0,0.0,0.0,,
2179.0,0.0,0.0,,
2181.0,0.0,0.0,,
2183.0,0.0,0.0,,
2185.0,0.0,0.0,,
2187.0,0.0,0.0,,
2189.0,0.0,0.0,,
2191.0,0.0,0.0,,
2193.0,0.0,0.0,,
2195.0,0.0,0.0,,
2197.0,0.0,0.0,,
2199.0,0.0,0.0,,
2201.0,0.0,0.0,,
2203.0,0.0,0.0,,
2205.0,0.0,0.0,,
2207.0,0.0,0.0,,
2209.0,0.0,0.0,,
2211.0,0.0,0.0,,
2213.0,0.0,0.0,,
2215.0,0.0,0.0,,
2217.0,0.0,0.0,,
2219.0,0.0,0.0,,
2221.0,0.0,0.0,,
2223.0,0.0,0.0,,
2225.0,0.0,0.0,,
2227.0,0.0,0.0,,
2229.0,0.0,0.0,,
2231.0,0.0,0.0,,
2233.0,0.0,0.0,,
2235.0,0.0,0.0,,
2237.0,0.0,0.0,,
2239.0,0.0,0.0,,
2241.0,0.0,0.0,,
2243.0,0.0,0.0,,
2245.0,0.0,0.0,,
2247.0,0.0,0.0,,
2249.0,0.0,0.0,,
2251.0,0.0,0.0,,
2253.0,0.0,0.0,,
2255.0,0.0,0.0,,
2257.0,0.0,0.0,,
2259.0,0.0,0.0,,
2261.0,0.0,0.0,,
2263.0,0.0,0.0,,
2265.0,0.0,0.0,,
2267.0,0.0,0.0,,
2269.0,0.0,0.0,,
2271.0,0.0,0.0,,
2273.0,0.0,0.0,,
2275.0,0.0,0.0,,
2277.0,0.0,0.0,,
2279.0,0.0,0.0,,
2281.0,0.0,0.0,,
2283.0,0.0,0.0,,
2285.0,0.0,0.0,,
2287.0,0.0,0.0,,
2289.0,0.0,0.0,,
2291.0,0.0,0.0,,
2293.0,0.0,0.0,,
2295.0,0.0,0.0,,
2297.0,0.0,0.0,,
2299.0,0.0,0.0,,
2301.0,0.0,0.0,,
2303.0,0.0,0.0,,
2305.0,0.0,0.0,,
2307.0,0.0,0.0,,
2309.0,0.0,0.0,,
2311.0,0.0,0.0,,
2313.0,0.0,0.0,,
2315.0,0.0,0.0,,
2317.0,0.0,0.0,,
2319.0,0.0,0.0,,
2321.0,0.0,0.0,,
2323.0,0.0,0.0,,
2325.0,0.0,0.0,,
2327.0,0.0,0.0,,
2329.0,0.0,0.0,,
2331.0,0.0,0.0,,
2333.0,0.0,0.0,,
2335.0,0.0,0.0,,
2337.0,0.0,0.0,,
2339.0,0.0,0.0,,
2341.0,0.0,0.0,,
2343.0,0.0,0.0,,
2345.0,0.0,0.0,,
2347.0,0.0,0.0,,
2349.0,0.0,0.0,,
2351.0,0.0,0.0,,
2353.0,0.0,0.0,,
2355.0,0.0,0.0,,
2357.0,0.0,0.0,,
2359.0,0.0,0.0,,
2361.0,0.0,0.0,,
2363.0,0.0,0.0,,
2365.0,0.0,0.0,,
2367.0,0.0,0.0,,
2369.0,0.0,0.0,,
2371.0,0.0,0.0,,
2373.0,0.0,0.0,,
2375.0,0.0,0.0,,
2377.0,0.0,0.0,,
2379.0,0.0,0.0,,
2381.0,0.0,0.0,,
2383.0,0.0,0.0,,
2385.0,0.0,0.0,,
2387.0,0.0,0.0,,
2389.0,0.0,0.0,,
2391.0,0.0,0.0,,
2393.0,0.0,0.0,,
2395.0,0.0,0.0,,
2397.0,0.0,0.0,,
2399.0,0.0,0.0,,
2401.0,0.0,0.0,,
2403.0,0.0,0.0,,
2405.0,0.0,0.0,,
2407.0,0.0,0.0,,
2409.0,0.0,0.0,,
2411.0,0.0,0.0,,
2413.0,0.0,0.0,,
2415.0,0.0,0.0,,
2417.0,0.0,0.0,,
2419.0,0.0,0.0,,
2421.0,0.0,0.0,,
2423.0,0.0,0.0,,
2425.0,0.0,0.0,,
2427.0,0.0,0.0,,
2429.0,0.0,0.0,,
2431.0,0.0,0.0,,
2433.0,0.0,0.0,,
2435.0,0.0,0.0,,
2437.0,0.0,0.0,,
2439.0,0.0,0.0,,
2441.0,0.0,0.0,,
2443.0,0.0,0.0,,
2445.0,0.0,0.0,,
2447.0,0.0,0.0,,
2449.0,0.0,0.0,,
2451.0,0.0,0.0,,
2453.0,0.0,0.0,,
2455.0,0.0,0.0,,
2457.0,0.0,0.0,,
2459.0,0.0,0.0,,
2461.0,0.0,0.0,,
2463.0,0.0,0.0,,
2465.0,0.0,0.0,,
2467.0,0.0,0.0,,
2469.0,0.0,0.0,,
2471.0,0.0,0.0,,
2473.0,0.0,0.0,,
2475.0,0.0,0.0,,
2477.0,0.0,0.0,,
2479.0,0.0,0.0,,
2481.0,0.0,0.0,,
2483.0,0.0,0.0,,
2485.0,0.0,0.0,,
2487.0,0.0,0.0,,
2489.0,0.0,0.0,,
2491.0,0.0,0.0,,
2493.0,0.0,0.0,,
2495.0,0.0,0.0,,
2497.0,0.0,0.0,,
2499.0,0.0,0.0,,
2501.0,0.0,0.0,,
2503.0,0.0,0.0,,
2505.0,0.0,0.0,,
2507.0,0.0,0.0,,
2509.0,0.0,0.0,,
2511.0,0.0,0.0,,
2513.0,0.0,0.0,,
2515.0,0.0,0.0,,
2517.0,0.0,0.0,,
2519.0,0.0,0.0,,
2521.0,0.0,0.0,,
2523.0,0.0,0.0,,
2525.0,0.0,0.0,,
2527.0,0.0,0.0,,
2529.0,0.0,0.0,,
2531.0,0.0,0.0,,
2533.0,0.0,0.0,,
2535.0,0.0,0.0,,
2537.0,0.0,0.0,,
2539.0,0.0,0.0,,
2541.0,0.0,0.0,,
2543.0,0.0,0.0,,
2545.0,0.0,0.0,,
2547.0,0.0,0.0,,
2549.0,0.0,0.0,,
2551.0,0.0,0.0,,
2553.0,0.0,0.0,,
2555.0,0.0,0.0,,
2557.0,0.0,0.0,,
2559.0,0.0,0.0,,
2561.0,0.0,0.0,,
2563.0,0.0,0.0,,
2565.0,0.0,0.0,,
2567.0,0.0,0.0,,
2569.0,0.0,0.0,,
2571.0,0.0,0.0,,
2573.0,0.0,0.0,,
2575.0,0.0,0.0,,
2577.0,0.0,0.0,,
2579.0,0.0,0.0,,
2581.0,0.0,0.0,,
2583.0,0.0,0.0,,
2585.0,0.0,0.0,,
2587.0,0.0,0.0,,
2589.0,0.0,0.0,,
2591.0,0.0,0.0,,
2593.0,0.0,0.0,,
2595.0,0.0,0.0,,
2597.0,0.0,0.0,,
2599.0,0.0,0.0,,
2601.0,0.0,0.0,,
2603.0,0.0,0.0,,
2605.0,0.0,0.0,,
2607.0,0.0,0.0,,
2609.0,0.0,0.0,,
2611.0,0.0,0.0,,
2613.0,0.0,0.0,,
2615.0,0.0,0.0,,
2617.0,0.0,0.0,,
2619.0,0.0,0.0,,
2621.0,0.0,0.0,,
2623.0,0.0,0.0,,
2625.0,0.0,0.0,,
2627.0,0.0,0.0,,
2629.0,0.0,0.0,,
2631.0,0.0,0.0,,
2633.0,0.0,0.0,,
2635.0,0.0,0.0,,
2637.0,0.0,0.0,,
2639.0,0.0,0.0,,
2641.0,0.0,0.0,,
2643.0,0.0,0.0,,
2645.0,0.0,0.0,,
2647.0,0.0,0.0,,
2649.0,0.0,0.0,,
2651.0,0.0,0.0,,
2653.0,0.0,0.0,,
2655.0,0.0,0.0,,
2657.0,0.0,0.0,,
2659.0,0.0,0.0,,
2661.0,0.0,0.0,,
2663.0,0.0,0.0,,
2665.0,0.0,0.0,,
2667.0,0.0,0.0,,
2669.0,0.0,0.0,,
2671.0,0.0,0.0,,
2673.0,0.0,0.0,,
2675.0,0.0,0.0,,
2677.0,0.0,0.0,,
2679.0,0.0,0.0,,
2681.0,0.0,0.0,,
2683.0,0.0,0.0,,
2685.0,0.0,0.0,,
2687.0,0.0,0.0,,
2689.0,0.0,0.0,,
2691.0,0.0,0.0,,
2693.0,0.0,0.0,,
2695.0,0.0,0.0,,
2697.0,0.0,0.0,,
2699.0,0.0,0.0,,
2701.0,0.0,0.0,,
2703.0,0.0,0.0,,
2705.0,0.0,0.0,,
2707.0,0.0,0.0,,
2709.0,0.0,0.0,,
2711.0,0.0,0.0,,
2713.0,0.0,0.0,,
2715.0,0.0,0.0,,
2717.0,0.0,0.0,,
2719.0,0.0,0.0,,
2721.0,0.0,0.0,,
2723.0,0.0,0.0,,
2725.0,0.0,0.0,,
2727.0,0.0,0.0,,
2729.0,0.0,0.0,,
2731.0,0.0,0.0,,
2733.0,0.0,0.0,,
2735.0,0.0,0.0,,
2737.0,0.0,0.0,,
2739.0,0.0,0.0,,
2741.0,0.0,0.0,,
2743.0,0.0,0.0,,
2745.0,0.0,0.0,,
2747.0,0.0,0.0,,
2749.0,0.0,0.0,,
2751.0,0.0,0.0,,
2753.0,0.0,0.0,,
2755.0,0.0,0.0,,
2757.0,0.0,0.0,,
2759.0,0.0,0.0,,
2761.0,0.0,0.0,,
2763.0,0.0,0.0,,
2765.0,0.0,0.0,,
2767.0,0.0,0.0,,
2769.0,0.0,0.0,,
2771.0,0.0,0.0,,
2773.0,0.0,0.0,,
2775.0,0.0,0.0,,
2777.0,0.0,0.0,,
2779.0,0.0,0.0,,
2781.0,0.0,0.0,,
2783.0,0.0,0.0,,
2785.0,0.0,0.0,,
2787.0,0.0,0.0,,
2789.0,0.0,0.0,,
2791.0,0.0,0.0,,
2793.0,0.0,0.0,,
2795.0,0.0,0.0,,
2797.0,0.0,0.0,,
2799.0,0.0,0.0,,
2801.0,0.0,0.0,,
2803.0,0.0,0.0,,
2805.0,0.0,0.0,,
2807.0,0.0,0.0,,
2809.0,0.0,0.0,,
2811.0,0.0,0.0,,
2813.0,0.0,0.0,,
2815.0,0.0,0.0,,
2817.0,0.0,0.0,,
2819.0,0.0,0.0,,
2821.0,0.0,0.0,,
2823.0,0.0,0.0,,
2825.0,0.0,0.0,,
2827.0,0.0,0.0,,
2829.0,0.0,0.0,,
2831.0,0.0,0.0,,
2833.0,0.0,0.0,,
2835.0,0.0,0.0,,
2837.0,0.0,0.0,,
2839.0,0.0,0.0,,
2841.0,0.0,0.0,,
2843.0,0.0,0.0,,
2845.0,0.0,0.0,,
2847.0,0.0,0.0,,
2849.0,0.0,0.0,,
2851.0,0.0,0.0,,
2853.0,0.0,0.0,,
2855.0,0.0,0.0,,
2857.0,0.0,0.0,,
2859.0,0.0,0.0,,
2861.0,0.0,0.0,,
2863.0,0.0,0.0,,
2865.0,0.0,0.0,,
2867.0,0.0,0.0,,
2869.0,0.0,0.0,,
2871.0,0.0,0.0,,
2873.0,0.0,0.0,,
2875.0,0.0,0.0,,
2877.0,0.0,0.0,,
2879.0,0.0,0.0,,
2881.0,0.0,0.0,,
2883.0,0.0,0.0,,
2885.0,0.0,0.0,,
2887.0,0.0,0.0,,
2889.0,0.0,0.0,,
2891.0,0.0,0.0,,
2893.0,0.0,0.0,,
2895.0,0.0,0.0,,
2897.0,0.0,0.0,,
2899.0,0.0,0.0,,
2901.0,0.0,0.0,,
2903.0,0.0,0.0,,
2905.0,0.0,0.0,,
2907.0,0.0,0.0,,
2909.0,0.0,0.0,,
2911.0,0.0,0.0,,
2913.0,0.0,0.0,,
2915.0,0.0,0.0,,
2917.0,0.0,0.0,,
2919.0,0.0,0.0,,
2921.0,0.0,0.0,,
2923.0,0.0,0.0,,
2925.0,0.0,0.0,,
2927.0,0.0,0.0,,
2929.0,0.0,0.0,,
2931.0,0.0,0.0,,
2933.0,0.0,0.0,,
2935.0,0.0,0.0,,
2937.0,0.0,0.0,,
2939.0,0.0,0.0,,
2941.0,0.0,0.0,,
2943.0,0.0,0.0,,
2945.0,0.0,0.0,,
2947.0,0.0,0.0,,
2949.0,0.0,0.0,,
2951.0,0.0,0.0,,
2953.0,0.0,0.0,,
2955.0,0.0,0.0,,
2957.0,0.0,0.0,,
2959.0,0.0,0.0,,
2961.0,0.0,0.0,,
2963.0,0.0,0.0,,
2965.0,0.0,0.0,,
2967.0,0.0,0.0,,
2969.0,0.0,0.0,,
2971.0,0.0,0.0,,
2973.0,0.0,0.0,,
2975.0,0.0,0.0,,
2977.0,0.0,0.0,,
2979.0,0.0,0.0,,
2981.0,0.0,0.0,,
2983.0,0.0,0.0,,
2985.0,0.0,0.0,,
2987.0,0.0,0.0,,
2989.0,0.0,0.0,,
2991.0,0.0,0.0,,
2993.0,0.0,0.0,,
2995.0,0.0,0.0,,
2997.0,0.0,0.0,,
2999.0,0.0,0.0,,
3001.0,0.0,0.0,,
3003.0,0.0,0.0,,
3005.0,0.0,0.0,,
3007.0,0.0,0.0,,
3009.0,0.0,0.0,,
3011.0,0.0,0.0,,
3013.0,0.0,0.0,,
3015.0,0.0,0.0,,
3017.0,0.0,0.0,,
3019.0,0.0,0.0,,
3021.0,0.0,0.0,,
3023.0,0.0,0.0,,
3025.0,0.0,0.0,,
3027.0,0.0,0.0,,
3029.0,0.0,0.0,,
3031.0,0.0,0.0,,
3033.0,0.0,0.0,,
3035.0,0.0,0.0,,
3037.0,0.0,0.0,,
3039.0,0.0,0.0,,
3041.0,0.0,0.0,,
3043.0,0.0,0.0,,
3045.0,0.0,0.0,,
3047.0,0.0,0.0,,
3049.0,0.0,0.0,,
3051.0,0.0,0.0,,
3053.0,0.0,0.0,,
3055.0,0.0,0.0,,
3057.0,0.0,0.0,,
3059.0,0.0,0.0,,
3061.0,0.0,0.0,,
3063.0,0.0,0.0,,
3065.0,0.0,0.0,,
3067.0,0.0,0.0,,
3069.0,0.0,0.0,,
3071.0,0.0,0.0,,
3073.0,0.0,0.0,,
3075.0,0.0,0.0,,
3077.0,0.0,0.0,,
3079.0,0.0,0.0,,
3081.0,0.0,0.0,,
3083.0,0.0,0.0,,
3085.0,0.0,0.0,,
3087.0,0.0,0.0,,
3089.0,0.0,0.0,,
3091.0,0.0,0.0,,
3093.0,0.0,0.0,,
3095.0,0.0,0.0,,
3097.0,0.0,0.0,,
3099.0,0.0,0.0,,
3101.0,0.0,0.0,,
3103.0,0.0,0.0,,
3105.0,0.0,0.0,,
3107.0,0.0,0.0,,
3109.0,0.0,0.0,,
3111.0,0.0,0.0,,
3113.0,0.0,0.0,,
3115.0,0.0,0.0,,
3117.0,0.0,0.0,,
3119.0,0.0,0.0,,
3121.0,0.0,0.0,,
3123.0,0.0,0.0,,
3125.0,0.0,0.0,,
3127.0,0.0,0.0,,
3129.0,0.0,0.0,,
3131.0,0.0,0.0,,
3133.0,0.0,0.0,,
3135.0,0.0,0.0,,
3137.0,0.0,0.0,,
3139.0,0.0,0.0,,
3141.0,0.0,0.0,,
3143.0,0.0,0.0,,
3145.0,0.0,0.0,,
3147.0,0.0,0.0,,
3149.0,0.0,0.0,,
3151.0,0.0,0.0,,
3153.0,0.0,0.0,,
3155.0,0.0,0.0,,
3157.0,0.0,0.0,,
3159.0,0.0,0.0,,
3161.0,0.0,0.0,,
3163.0,0.0,0.0,,
3165.0,0.0,0.0,,
3167.0,0.0,0.0,,
3169.0,0.0,0.0,,
3171.0,0.0,0.0,,
3173.0,0.0,0.0,,
3175.0,0.0,0.0,,
3177.0,0.0,0.0,,
3179.0,0.0,0.0,,
3181.0,0.0,0.0,,
3183.0,0.0,0.0,,
3185.0,0.0,0.0,,
3187.0,0.0,0.0,,
3189.0,0.0,0.0,,
3191.0,0.0,0.0,,
3193.0,0.0,0.0,,
3195.0,0.0,0.0,,
3197.0,0.0,0.0,,
3199.0,0.0,0.0,,
3201.0,0.0,0.0,,
3203.0,0.0,0.0,,
3205.0,0.0,0.0,,
3207.0,0.0,0.0,,
3209.0,0.0,0.0,,
3211.0,0.0,0.0,,
3213.0,0.0,0.0,,
3215.0,0.0,0.0,,
3217.0,0.0,0.0,,
3219.0,0.0,0.0,,
3221.0,0.0,0.0,,
3223.0,0.0,0.0,,
3225.0,0.0,0.0,,
3227.0,0.0,0.0,,
3229.0,0.0,0.0,,
3231.0,0.0,0.0,,
3233.0,0.0,0.0,,
3235.0,0.0,0.0,,
3237.0,0.0,0.0,,
3239.0,0.0,0.0,,
3241.0,0.0,0.0,,
3243.0,0.0,0.0,,
3245.0,0.0,0.0,,
3247.0,0.0,0.0,,
3249.0,0.0,0.0,,
3251.0,0.0,0.0,,
3253.0,0.0,0.0,,
3255.0,0.0,0.0,,
3257.0,0.0,0.0,,
3259.0,0.0,0.0,,
3261.0,0.0,0.0,,
3263.0,0.0,0.0,,
3265.0,0.0,0.0,,
3267.0,0.0,0.0,,
3269.0,0.0,0.0,,
3271.0,0.0,0.0,,
3273.0,0.0,0.0,,
3275.0,0.0,0.0,,
3277.0,0.0,0.0,,
3279.0,0.0,0.0,,
3281.0,0.0,0.0,,
3283.0,0.0,0.0,,
3285.0,0.0,0.0,,
3287.0,0.0,0.0,,
3289.0,0.0,0.0,,
3291.0,0.0,0.0,,
3293.0,0.0,0.0,,
3295.0,0.0,0.0,,
3297.0,0.0,0.0,,
3299.0,0.0,0.0,,
3301.0,0.0,0.0,,
3303.0,0.0,0.0,,
3305.0,0.0,0.0,,
3307.0,0.0,0.0,,
3309.0,0.0,0.0,,
3311.0,0.0,0.0,,
3313.0,0.0,0.0,,
3315.0,0.0,0.0,,
3317.0,0.0,0.0,,
3319.0,0.0,0.0,,
3321.0,0.0,0.0,,
3323.0,0.0,0.0,,
3325.0,0.0,0.0,,
3327.0,0.0,0.0,,
3329.0,0.0,0.0,,
3331.0,0.0,0.0,,
3333.0,0.0,0.0,,
3335.0,0.0,0.0,,
3337.0,0.0,0.0,,
3339.0,0.0,0.0,,
3341.0,0.0,0.0,,
3343.0,0.0,0.0,,
3345.0,0.0,0.0,,
3347.0,0.0,0.0,,
3349.0,0.0,0.0,,
3351.0,0.0,0.0,,
3353.0,0.0,0.0,,
3355.0,0.0,0.0,,
3357.0,0.0,0.0,,
3359.0,0.0,0.0,,
3361.0,0.0,0.0,,
3363.0,0.0,0.0,,
3365.0,0.0,0.0,,
3367.0,0.0,0.0,,
3369.0,0.0,0.0,,
3371.0,0.0,0.0,,
3373.0,0.0,0.0,,
3375.0,0.0,0.0,,
3377.0,0.0,0.0,,
3379.0,0.0,0.0,,
3381.0,0.0,0.0,,
3383.0,0.0,0.0,,
3385.0,0.0,0.0,,
3387.0,0.0,0.0,,
3389.0,0.0,0.0,,
3391.0,0.0,0.0,,
3393.0,0.0,0.0,,
3395.0,0.0,0.0,,
3397.0,0.0,0.0,,
3399.0,0.0,0.0,,
3401.0,0.0,0.0,,
3403.0,0.0,0.0,,
3405.0,0.0,0.0,,
3407.0,0.0,0.0,,
3409.0,0.0,0.0,,
3411.0,0.0,0.0,,
3413.0,0.0,0.0,,
3415.0,0.0,0.0,,
3417.0,0.0,0.0,,
3419.0,0.0,0.0,,
3421.0,0.0,0.0,,
3423.0,0.0,0.0,,
3425.0,0.0,0.0,,
3427.0,0.0,0.0,,
3429.0,0.0,0.0,,
3431.0,0.0,0.0,,
3433.0,0.0,0.0,,
3435.0,0.0,0.0,,
3437.0,0.0,0.0,,
3439.0,0.0,0.0,,
3441.0,0.0,0.0,,
3443.0,0.0,0.0,,
3445.0,0.0,0.0,,
3447.0,0.0,0.0,,
3449.0,0.0,0.0,,
3451.0,0.0,0.0,,
3453.0,0.0,0.0,,
3455.0,0.0,0.0,,
3457.0,0.0,0.0,,
3459.0,0.0,0.0,,
3461.0,0.0,0.0,,
3463.0,0.0,0.0,,
3465.0,0.0,0.0,,
3467.0,0.0,0.0,,
3469.0,0.0,0.0,,
3471.0,0.0,0.0,,
3473.0,0.0,0.0,,
3475.0,0.0,0.0,,
3477.0,0.0,0.0,,
3479.0,0.0,0.0,,
3481.0,0.0,0.0,,
3483.0,0.0,0.0,,
3485.0,0.0,0.0,,
3487.0,0.0,0.0,,
3489.0,0.0,0.0,,
3491.0,0.0,0.0,,
3493.0,0.0,0.0,,
3495.0,0.0,0.0,,
3497.0,0.0,0.0,,
3499.0,0.0,0.0,,
3501.0,0.0,0.0,,
3503.0,0.0,0.0,,
3505.0,0.0,0.0,,
3507.0,0.0,0.0,,
3509.0,0.0,0.0,,
3511.0,0.0,0.0,,
3513.0,0.0,0.0,,
3515.0,0.0,0.0,,
3517.0,0.0,0.0,,
3519.0,0.0,0.0,,
3521.0,0.0,0.0,,
3523.0,0.0,0.0,,
3525.0,0.0,0.0,,
3527.0,0.0,0.0,,
3529.0,0.0,0.0,,
3531.0,0.0,0.0,,
3533.0,0.0,0.0,,
3535.0,0.0,0.0,,
3537.0,0.0,0.0,,
3539.0,0.0,0.0,,
3541.0,0.0,0.0,,
3543.0,0.0,0.0,,
3545.0,0.0,0.0,,
3547.0,0.0,0.0,,
3549.0,0.0,0.0,,
3551.0,0.0,0.0,,
3553.0,0.0,0.0,,
3555.0,0.0,0.0,,
3557.0,0.0,0.0,,
3559.0,0.0,0.0,,
3561.0,0.0,0.0,,
3563.0,0.0,0.0,,
3565.0,0.0,0.0,,
3567.0,0.0,0.0,,
3569.0,0.0,0.0,,
3571.0,0.0,0.0,,
3573.0,0.0,0.0,,
3575.0,0.0,0.0,,
3577.0,0.0,0.0,,
3579.0,0.0,0.0,,
3581.0,0.0,0.0,,
3583.0,0.0,0.0,,
3585.0,0.0,0.0,,
3587.0,0.0,0.0,,
3589.0,0.0,0.0,,
3591.0,0.0,0.0,,
3593.0,0.0,0.0,,
3595.0,0.0,0.0,,
3597.0,0.0,0.0,,
3599.0,0.0,0.0,,
3601.0,0.0,0.0,,
3603.0,0.0,0.0,,
3605.0,0.0,0.0,,
3607.0,0.0,0.0,,
3609.0,0.0,0.0,,
3611.0,0.0,0.0,,
3613.0,0.0,0.0,,
3615.0,0.0,0.0,,
3617.0,0.0,0.0,,
3619.0,0.0,0.0,,
3621.0,0.0,0.0,,
3623.0,0.0,0.0,,
3625.0,0.0,0.0,,
3627.0,0.0,0.0,,
3629.0,0.0,0.0,,
3631.0,0.0,0.0,,
3633.0,0.0,0.0,,
3635.0,0.0,0.0,,
3637.0,0.0,0.0,,
3639.0,0.0,0.0,,
3641.0,0.0,0.0,,
3643.0,0.0,0.0,,
3645.0,0.0,0.0,,
3647.0,0.0,0.0,,
3649.0,0.0,0.0,,
3651.0,0.0,0.0,,
3653.0,0.0,0.0,,
3655.0,0.0,0.0,,
3657.0,0.0,0.0,,
3659.0,0.0,0.0,,
3661.0,0.0,0.0,,
3663.0,0.0,0.0,,
3665.0,0.0,0.0,,
3667.0,0.0,0.0,,
3669.0,0.0,0.0,,
3671.0,0.0,0.0,,
3673.0,0.0,0.0,,
3675.0,0.0,0.0,,
3677.0,0.0,0.0,,
3679.0,0.0,0.0,,
3681.0,0.0,0.0,,
3683.0,0.0,0.0,,
3685.0,0.0,0.0,,
3687.0,0.0,0.0,,
3689.0,0.0,0.0,,
3691.0,0.0,0.0,,
3693.0,0.0,0.0,,
3695.0,0.0,0.0,,
3697.0,0.0,0.0,,
3699.0,0.0,0.0,,
3701.0,0.0,0.0,,
3703.0,0.0,0.0,,
3705.0,0.0,0.0,,
3707.0,0.0,0.0,,
3709.0,0.0,0.0,,
3711.0,0.0,0.0,,
3713.0,0.0,0.0,,
3715.0,0.0,0.0,,
3717.0,0.0,0.0,,
3719.0,0.0,0.0,,
3721.0,0.0,0.0,,
3723.0,0.0,0.0,,
3725.0,0.0,0.0,,
3727.0,0.0,0.0,,
3729.0,0.0,0.0,,
3731.0,0.0,0.0,,
3733.0,0.0,0.0,,
3735.0,0.0,0.0,,
3737.0,0.0,0.0,,
3739.0,0.0,0.0,,
3741.0,0.0,0.0,,
3743.0,0.0,0.0,,
3745.0,0.0,0.0,,
3747.0,0.0,0.0,,
3749.0,0.0,0.0,,
3751.0,0.0,0.0,,
3753.0,0.0,0.0,,
3755.0,0.0,0.0,,
3757.0,0.0,0.0,,
3759.0,0.0,0.0,,
3761.0,0.0,0.0,,
3763.0,0.0,0.0,,
3765.0,0.0,0.0,,
3767.0,0.0,0.0,,
3769.0,0.0,0.0,,
3771.0,0.0,0.0,,
3773.0,0.0,0.0,,
3775.0,0.0,0.0,,
3777.0,0.0,0.0,,
3779.0,0.0,0.0,,
3781.0,0.0,0.0,,
3783.0,0.0,0.0,,
3785.0,0.0,0.0,,
3787.0,0.0,0.0,,
3789.0,0.0,0.0,,
3791.0,0.0,0.0,,
3793.0,0.0,0.0,,
3795.0,0.0,0.0,,
3797.0,0.0,0.0,,
3799.0,0.0,0.0,,
3801.0,0.0,0.0,,
3803.0,0.0,0.0,,
3805.0,0.0,0.0,,
3807.0,0.0,0.0,,
3809.0,0.0,0.0,,
3811.0,0.0,0.0,,
3813.0,0.0,0.0,,
3815.0,0.0,0.0,,
3817.0,0.0,0.0,,
3819.0,0.0,0.0,,
3821.0,0.0,0.0,,
3823.0,0.0,0.0,,
3825.0,0.0,0.0,,
3827.0,0.0,0.0,,
3829.0,0.0,0.0,,
3831.0,0.0,0.0,,
3833.0,0.0,0.0,,
3835.0,0.0,0.0,,
3837.0,0.0,0.0,,
3839.0,0.0,0.0,,
3841.0,0.0,0.0,,
3843.0,0.0,0.0,,
3845.0,0.0,0.0,,
3847.0,0.0,0.0,,
3849.0,0.0,0.0,,
3851.0,0.0,0.0,,
3853.0,0.0,0.0,,
3855.0,0.0,0.0,,
3857.0,0.0,0.0,,
3859.0,0.0,0.0,,
3861.0,0.0,0.0,,
3863.0,0.0,0.0,,
3865.0,0.0,0.0,,
3867.0,0.0,0.0,,
3869.0,0.0,0.0,,
3871.0,0.0,0.0,,
3873.0,0.0,0.0,,
3875.0,0.0,0.0,,
3877.0,0.0,0.0,,
3879.0,0.0,0.0,,
3881.0,0.0,0.0,,
3883.0,0.0,0.0,,
3885.0,0.0,0.0,,
3887.0,0.0,0.0,,
3889.0,0.0,0.0,,
3891.0,0.0,0.0,,
3893.0,0.0,0.0,,
3895.0,0.0,0.0,,
3897.0,0.0,0.0,,
3899.0,0.0,0.0,,
3901.0,0.0,0.0,,
3903.0,0.0,0.0,,
3905.0,0.0,0.0,,
3907.0,0.0,0.0,,
3909.0,0.0,0.0,,
3911.0,0.0,0.0,,
3913.0,0.0,0.0,,
3915.0,0.0,0.0,,
3917.0,0.0,0.0,,
3919.0,0.0,0.0,,
3921.0,0.0,0.0,,
3923.0,0.0,0.0,,
3925.0,0.0,0.0,,
3927.0,0.0,0.0,,
3929.0,0.0,0.0,,
3931.0,0.0,0.0,,
3933.0,0.0,0.0,,
3935.0,0.0,0.0,,
3937.0,0.0,0.0,,
3939.0,0.0,0.0,,
3941.0,0.0,0.0,,
3943.0,0.0,0.0,,
3945.0,0.0,0.0,,
3947.0,0.0,0.0,,
3949.0,0.0,0.0,,
3951.0,0.0,0.0,,
3953.0,0.0,0.0,,
3955.0,0.0,0.0,,
3957.0,0.0,0.0,,
3959.0,0.0,0.0,,
3961.0,0.0,0.0,,
3963.0,0.0,0.0,,
3965.0,0.0,0.0,,
3967.0,0.0,0.0,,
3969.0,0.0,0.0,,
3971.0,0.0,0.0,,
3973.0,0.0,0.0,,
3975.0,0.0,0.0,,
3977.0,0.0,0.0,,
3979.0,0.0,0.0,,
3981.0,0.0,0.0,,
3983.0,0.0,0.0,,
3985.0,0.0,0.0,,
3987.0,0.0,0.0,,
3989.0,0.0,0.0,,
3991.0,0.0,0.0,,
3993.0,0.0,0.0,,
3995.0,0.0,0.0,,
3997.0,0.0,0.0,,
3999.0,0.0,0.0,,
